-6,-15,-5,22,-3,18,-15,-16,18,17,15,19,-17,9,29,-4,25,-3,-9,27,16,-23,14,-23,14,25,-7,-25,-7,-25,36,-1,-21,-19,-22,-12,29,-17,-25,6,-24,8,0,-37,-19,19,-11,21,-23,-28,1,23,10,21,-37,-5,14,14,19,7,-29,21,22,1,20,-6,-10,38,13,-11,9,-18,20,29,5,-18,-2,-17,35,8,-8,-15,-13,-12,39,-4,-12,-10,-19,-5,24,-27,-13,0,-15,8,-1,-36,-10,6,-5,14,-23,-31,-5,7,5,14,-34,-4,0,8,12,7,-27,18,4,8,10,-2,-16,32,4,6,7,-8,12,32,9,3,1,-9,30,14,12,-6,-4,-9,33,-9,10,-12,-7,-2,19,-35,-7,-21,-10,0,-8,-35,-15,-9,-4,10,-37,-14,-19,4,4,8,-36,20,-11,23,7,3,-6,33,8,18,7,-3,10,26,14,12,5,-3,0
8,-4,24,0,-14,-3,1,-12,18,-28,-14,17,-12,-11,-8,-32,5,19,-13,3,-32,-14,17,10,-9,15,-30,14,18,-8,9,21,-12,29,4,-20,28,13,11,27,-14,-16,28,-9,26,11,-20,-1,14,-30,27,-8,-14,12,-9,-31,10,-24,-2,20,-28,-18,-8,-24,12,16,-31,7,-19,-12,15,2,-12,28,-24,6,15,-9,11,32,-16,18,5,-15,20,24,-5,23,-3,-16,32,4,11,18,-14,-11,26,-17,18,6,-14,0,11,-34,13,-2,-10,12,-18,-35,14,-9,-2,12,-31,-6,2,-14,5,9,-27,14,-6,-9,12,1,-10,32,-13,-7,10,-3,10,32,-14,2,4,-10,31,17,-13,11,-1,-11,33,-14,-3,19,-8,-5,10,-40,14,19,-10,1,-18,-32,20,4,-4,8,-40,-2,16,-14,6,7,-22,25,-1,-20,9,1,-6,31,-9,-18,6,-1,0
12,-2,-23,-8,7,-15,9,-11,-21,18,-13,-18,-5,-13,-1,29,-21,-1,-15,-11,20,20,-16,14,-24,10,28,5,-2,23,-9,23,21,-19,17,17,12,29,9,-24,20,-1,29,12,-12,-22,15,-16,25,-11,-24,-8,1,-21,11,-25,-23,8,-12,-14,-8,-29,-13,20,-18,-3,-28,-17,1,20,-13,9,-33,3,14,15,-6,16,-22,23,19,1,7,15,-17,32,13,-2,11,9,9,29,10,-10,14,2,29,20,4,-14,11,-7,34,-1,-5,-11,4,-12,25,-22,-6,-8,-6,-10,3,-31,-12,-1,-9,-6,-17,-25,-10,5,-12,1,-31,-10,-8,11,-8,7,-29,11,-2,14,-1,10,-15,35,11,17,1,9,12,34,20,7,7,6,33,16,20,-8,10,-2,37,-15,10,-23,7,-6,9,-35,-9,-22,-4,-9,-20,-26,-21,-6,-7,-4,-21,-13,-17,4,-7,-1,0
16,-29,7,-4,-13,-18,-12,-38,4,-12,-27,-7,-32,-20,-8,-15,-26,15,-40,0,-16,-4,-10,25,-32,24,-20,9,9,30,-16,38,-7,21,22,21,12,38,4,28,31,1,28,26,23,14,24,-16,33,6,28,4,10,-25,34,-8,22,-14,-2,-24,19,-25,13,-27,-18,-18,3,-32,-4,-28,-24,-7,-14,-29,-18,-21,-24,5,-23,-14,-30,-13,-16,17,-27,-8,-26,-1,-11,22,-24,5,-23,13,2,18,-13,18,-15,23,13,15,-2,19,-2,27,17,6,6,12,13,26,11,-7,12,9,23,12,12,-11,9,1,27,-4,1,-12,3,-8,23,-10,-4,-13,1,-5,14,-23,-8,-10,-7,0,8,-28,-8,-3,-1,3,-7,-25,-7,0,4,6,-26,-15,-5,7,9,4,-25,5,-1,6,11,-7,-21,20,4,3,5,-13,1,26,3,2,-2,-11,10,19,1,-1,0
11,-15,-23,-3,18,9,2,-19,-22,26,28,-10,-21,-13,4,31,9,-28,-27,8,22,20,-13,-27,-12,29,32,3,-28,-12,13,34,22,-17,-29,12,25,16,5,-30,-13,26,35,-10,-9,-27,4,28,19,-26,-25,-15,20,20,2,-32,-27,6,28,4,-18,-28,-16,20,22,-14,-28,-9,-4,23,9,-20,-32,10,10,15,-8,-19,-19,26,19,5,-19,-14,-8,31,21,-1,-23,-8,8,30,11,-12,-21,8,23,19,-1,-17,-11,17,34,5,-6,-7,-1,16,28,-16,-8,1,11,12,13,-34,-3,5,15,5,-9,-33,4,3,11,-3,-26,-25,6,0,10,-9,-35,-4,3,-7,4,-10,-29,22,-5,-6,-4,-10,-18,39,-13,-6,-9,-5,14,38,-12,8,-9,-1,34,19,-7,13,-5,9,32,-15,8,11,2,10,12,-33,15,5,7,4,-5,-30,16,-3,5,-2,0
18,7,-5,-20,-22,-2,17,-13,-31,-17,-24,19,-1,-21,-32,10,-1,31,-19,-14,-16,28,22,18,-25,8,9,37,33,-1,-12,24,31,20,21,-22,7,25,35,-8,-1,-33,31,12,29,-20,-13,-20,34,-10,3,-31,-27,-1,24,-22,-18,-22,-24,17,-2,-34,-29,-7,-11,28,-26,-22,-26,9,9,22,-31,-9,-8,21,20,11,-33,19,3,20,21,-4,-24,26,13,19,21,-10,-2,37,16,8,8,-16,19,25,18,-5,-3,-18,28,7,8,-13,-13,-10,30,-12,-2,-13,-16,1,21,-24,-11,-2,-13,11,7,-30,-4,9,-1,15,-19,-19,-1,6,8,12,-30,-10,5,-1,9,5,-29,14,2,-5,9,-2,-22,29,-6,-8,9,-6,8,34,-12,-2,0,-10,30,20,-13,8,-12,-5,33,-4,0,14,-7,-5,20,-22,12,16,-3,5,2,-29,17,2,-4,2,0
-5,12,-32,25,-24,5,1,20,1,46,-10,30,23,5,37,23,20,24,26,-15,44,-11,35,3,2,-30,12,-36,14,-24,-19,-26,-17,-34,-7,-28,-32,3,-35,-15,-23,-13,-26,23,-30,17,-27,11,-2,30,-9,33,-12,24,26,22,15,26,13,22,32,-2,28,10,21,10,23,-25,25,-11,21,-8,3,-40,10,-19,7,-20,-25,-26,-5,-23,-4,-18,-27,-18,-13,-14,-13,-14,-33,8,-17,-1,-19,-1,-13,24,-13,10,-12,9,4,29,-5,11,-4,12,24,19,2,11,5,10,32,5,5,4,10,5,27,-21,5,9,7,-1,4,-32,9,2,6,-7,-22,-31,13,-4,1,-9,-40,-7,6,-17,-7,-14,-31,24,-9,-17,-14,-4,0,36,-24,-7,-13,4,31,23,-23,12,-5,13,37,-5,-4,24,7,10,14,-33,18,25,11,6,-3,-29,21,8,10,-4,1
-28,18,8,-20,21,1,2,39,-18,-25,13,-21,36,25,-25,3,-10,-24,40,-17,-13,25,-26,-5,10,-40,15,25,-18,18,-25,-35,28,5,4,25,-37,-4,23,-21,19,13,-30,24,-2,-26,20,-6,2,38,-22,-21,9,-22,27,24,-29,3,-8,-21,33,-3,-18,22,-19,-7,22,-23,7,29,-18,7,0,-28,28,16,-5,17,-24,-19,31,-7,9,18,-25,-10,26,-20,14,12,-26,12,7,-29,18,0,-11,21,-23,-25,11,-11,6,22,-34,-1,1,-16,20,11,-27,23,-10,-12,21,-2,3,36,-14,-2,16,-18,26,22,-14,9,-1,-20,38,-5,-2,15,-15,-19,21,-30,6,14,-20,3,-9,-40,16,-2,-18,16,-39,-17,14,-11,-3,24,-37,24,0,-16,21,14,-1,42,-13,-10,25,-5,34,23,-13,3,7,-21,32,-13,-3,14,-4,-23,18,-24,1,14,1
23,-23,0,-12,21,-5,-12,-37,-15,-9,5,-25,-38,-12,-14,10,-21,-18,-28,21,6,21,-23,8,-2,33,19,5,-7,20,28,21,16,-13,13,20,33,-10,5,-19,24,1,14,-30,-13,-17,16,-17,-12,-31,-17,2,-1,-21,-30,-12,-11,16,-17,-14,-26,12,7,21,-19,4,-8,26,17,10,-10,14,14,25,19,-5,4,19,25,8,7,-19,15,9,23,-2,-2,-24,17,1,14,-20,-17,-16,13,-11,-3,-23,-23,5,2,-17,-17,-12,-15,20,-12,-11,-17,4,1,24,-13,-1,-15,11,22,13,-11,7,-8,19,25,-12,-4,13,11,18,9,-25,8,13,19,6,-14,-29,15,1,22,-13,-31,-5,14,-10,6,-28,-21,25,-1,-18,-16,-23,5,30,-11,-11,-28,2,29,15,-17,7,-18,27,24,-19,-4,16,12,26,-1,-28,10,13,21,16,-17,-21,12,5,1
9,-32,13,-3,8,9,-27,-26,1,-14,13,-5,-39,12,-12,-8,3,-17,-10,39,-16,6,-12,-11,19,28,1,13,-13,3,34,-2,10,8,-5,13,24,-23,11,1,6,10,-2,-33,9,-3,12,1,-23,-16,0,-10,8,-9,-28,4,-4,-4,1,-10,-16,21,-7,-4,-8,-6,5,21,-3,7,-7,1,16,10,2,7,-2,6,21,1,6,4,-2,5,17,-7,8,2,1,5,7,-16,6,-4,4,4,-4,-14,-3,-9,4,-1,-14,-9,-6,-5,5,-3,-16,0,-10,3,7,-5,-11,9,-3,11,-2,-6,-8,18,6,8,-6,-6,9,20,11,-1,-10,1,20,7,6,-13,-4,8,29,-12,-8,-10,1,15,7,-31,-10,0,13,7,-18,-25,-8,13,13,-7,-33,2,8,14,-1,-13,-20,27,16,0,-12,-8,18,31,4,-10,-13,5,25,18,-2,-11,-9,9,0
2,32,5,-9,9,-4,33,18,-8,-9,3,-9,33,-17,-11,3,-2,-7,2,-36,-9,11,-10,8,-29,-22,6,12,0,10,-33,7,13,-2,4,2,-18,31,11,-10,6,1,10,27,-3,-11,1,-2,25,16,-6,-4,6,-3,24,-12,-10,5,-1,-1,8,-23,-3,8,-3,2,-8,-22,2,6,-4,0,-22,-9,6,3,0,3,-20,4,5,0,2,2,-18,11,4,-1,2,2,-8,20,3,-4,1,2,8,17,1,-4,-2,-2,17,9,-3,-5,-2,4,23,-3,-5,-3,1,1,12,-18,-8,2,2,4,-1,-23,-5,8,4,1,-21,-18,4,10,3,-5,-30,4,13,3,-3,-7,-16,27,11,-10,-7,-4,9,34,1,-16,-6,8,35,17,-13,-11,4,10,38,-20,-19,3,9,3,1,-40,-5,18,9,-5,-31,-23,12,13,-3,-12,-32,-5,12,5,-4,-7,0
36,-11,-17,-9,4,-15,17,-44,-18,5,-8,-15,-32,-34,0,20,-19,4,-45,4,12,11,-7,16,-26,38,18,-6,7,19,11,41,4,-11,17,3,37,15,-8,-9,12,-12,34,-15,-11,0,-1,-16,10,-32,-8,9,-12,-8,-19,-29,0,15,-14,1,-27,-8,11,4,-7,9,-20,12,8,-9,4,11,-10,24,2,-8,7,9,10,21,-7,-10,10,2,14,18,-8,-6,9,-1,20,2,-11,4,5,-6,14,-9,0,10,-2,-7,6,-15,10,7,-7,-5,-7,-17,10,3,-11,1,-13,-10,9,-12,-7,5,-18,0,-3,-12,-2,9,-16,11,-17,-9,5,10,-3,20,-18,7,12,2,17,21,-8,16,13,-10,26,5,13,20,2,-14,25,-21,23,0,-10,-12,1,-36,11,-24,-17,2,-34,-18,-14,-23,-6,17,-32,16,-22,2,10,14,-16,28,-16,10,16,4,0
37,-6,11,-1,6,-24,24,-36,6,-13,-16,-24,-7,-42,-8,-18,-27,-1,-36,-19,-18,-16,-22,22,-35,9,-23,1,3,27,-22,27,-17,25,20,19,0,39,2,23,26,6,21,27,23,16,21,-17,33,7,26,1,7,-26,26,-14,21,-14,-13,-21,18,-28,3,-23,-19,-11,-4,-30,-8,-23,-21,1,-20,-20,-21,-14,-13,16,-27,-5,-27,4,-2,20,-25,-2,-24,15,3,15,-18,18,-16,19,15,13,-7,22,7,25,14,1,4,21,21,17,11,-8,15,16,27,4,6,-11,20,4,23,-13,-1,-12,18,-3,10,-26,-6,-9,14,-15,-10,-30,-12,-4,4,-21,-20,-18,-11,1,-10,-22,-28,4,-7,7,-23,-17,-22,27,-2,12,-28,2,-1,29,5,10,-15,28,20,17,13,5,1,34,28,-3,13,-3,24,23,13,-24,8,-10,25,9,3,-25,-1,-9,0
-1,36,3,-9,-9,21,34,21,-11,-13,19,23,40,-13,-21,6,30,-1,9,-39,-11,17,15,-25,-23,-31,10,16,-12,-26,-37,-5,20,4,-23,-8,-33,22,11,-21,-21,13,1,35,-5,-23,1,27,26,26,-18,-16,15,23,34,3,-24,10,21,1,18,-22,-19,20,14,-19,-2,-32,0,27,3,-26,-17,-22,22,10,-13,-13,-31,-3,22,-10,-20,1,-24,6,21,-17,-16,7,-11,23,6,-26,-6,17,8,24,-16,-20,8,16,18,12,-27,-6,14,6,23,-1,-20,17,10,-2,16,-14,-1,22,8,-9,6,-20,19,21,1,-11,-9,-19,29,1,-10,-6,-23,-8,19,-22,-13,0,-23,7,-3,-32,-7,6,-14,22,-28,-18,0,10,5,22,-33,3,7,6,28,7,-10,27,12,-1,28,-20,16,22,13,-9,-1,-33,27,-4,-3,-12,-14,-23,18,-12,-6,-7,0
29,25,-14,7,24,-12,45,-9,-2,23,5,-30,20,-43,20,13,-24,-24,-22,-40,23,-4,-30,4,-47,-8,13,-23,-15,31,-38,22,-18,-27,9,31,-9,41,-31,-12,28,14,23,35,-26,17,29,-11,40,10,-7,25,13,-26,33,-17,19,26,-12,-27,14,-36,27,5,-22,-12,-11,-31,26,-18,-22,6,-31,-18,3,-29,-13,19,-30,6,-16,-30,4,21,-26,16,-24,-18,8,18,-6,29,-28,1,19,5,16,24,-21,18,17,-7,26,11,1,30,6,-18,25,-5,21,20,-6,-14,14,-21,29,3,-15,-9,0,-21,26,-19,-17,2,-11,-19,7,-33,-11,9,-23,-10,-21,-30,-4,17,-26,11,-33,-6,7,16,-12,30,-21,22,20,5,8,24,-2,30,11,-9,27,13,25,26,5,-16,28,-11,29,-10,-9,-10,4,-32,8,-25,-17,0,-8,-25,-2,-23,-11,6,0
23,-26,-13,4,8,20,-14,-42,-6,16,27,4,-41,-9,12,19,18,-22,-32,30,25,-5,-10,-32,0,40,6,-25,-27,-8,29,27,-11,-21,-24,14,46,-4,-17,0,-6,27,23,-32,-17,12,17,18,-6,-37,2,23,25,3,-31,-17,15,17,17,-17,-32,6,24,-3,2,-21,-17,30,13,-16,-17,-15,9,33,-1,-20,-24,1,26,17,-21,-13,-16,15,29,5,-24,-8,-8,17,24,-13,-23,11,6,17,7,-25,-7,23,15,8,-9,-20,13,26,17,-5,-21,-11,21,8,12,-11,-21,4,26,-12,-2,-15,-12,18,10,-27,-14,-10,-1,23,-17,-28,-15,-1,15,19,-32,-8,-12,12,26,2,-29,19,-2,19,24,-17,1,34,10,12,-2,-29,22,22,18,-3,-21,-18,37,-9,8,-13,-32,6,10,-31,-5,-15,-11,25,-18,-23,-15,-5,1,25,-26,-9,-15,3,0
-33,-7,-5,-9,14,12,-25,27,-17,3,23,-10,9,39,-9,14,5,-24,35,18,9,15,-15,-20,38,-14,17,-3,-26,1,12,-35,15,-17,-17,20,-18,-33,-3,-17,4,24,-33,-10,-16,-9,19,11,-30,14,-21,7,22,-6,-9,31,-11,18,12,-19,11,30,9,18,-3,-21,25,13,22,10,-14,-11,26,-12,21,-5,-19,4,12,-24,12,-15,-11,12,-1,-27,7,-20,-6,18,-14,-20,-11,-15,5,12,-23,-4,-19,-6,16,7,-18,8,-20,8,12,-3,-6,16,-10,22,6,-14,4,18,10,22,-1,-14,13,13,26,8,-9,-10,20,1,22,-10,-14,-1,19,-14,8,-25,-12,9,7,-24,-16,-25,-2,16,-16,-23,-27,-4,9,14,-24,-3,-23,16,16,1,-26,15,2,32,11,-10,3,28,25,11,-5,-16,22,19,25,-11,-15,-9,25,4,11,-17,-12,0,0
-31,-7,10,-13,-17,-12,-26,27,-9,-13,-21,10,10,41,-17,-1,-4,28,35,17,-12,18,19,17,33,-22,4,19,26,-6,10,-35,25,8,12,-21,-20,-31,18,-14,-8,-22,-37,-4,4,-22,-24,-11,-26,21,-14,-18,-20,11,-4,33,-19,0,-6,19,20,24,-16,13,10,18,32,3,-4,17,18,8,22,-17,16,17,16,-9,2,-26,23,4,4,-18,-8,-25,20,-4,-2,-16,-23,-9,12,-18,-15,-10,-24,4,-6,-23,-17,-1,-15,16,-19,-10,-11,9,-3,22,-26,11,-4,17,10,16,-14,25,6,13,19,4,6,22,14,5,19,-6,24,13,13,-3,9,-18,29,-10,4,-15,-8,-21,15,-23,-7,-15,-22,-11,-13,-29,-17,-6,-22,6,-33,-9,-13,9,-11,27,-23,22,-3,17,15,24,5,28,11,12,29,3,24,10,15,-2,24,-10,24,-4,11,-8,0
5,-33,7,-8,17,14,-26,-31,-3,-15,25,-7,-41,-2,-13,-10,12,-24,-31,23,-17,7,-9,-24,-10,42,-5,13,-22,-15,16,32,5,21,-21,5,36,16,17,8,-16,20,36,-12,17,-2,1,25,24,-27,16,-13,11,21,3,-30,1,-25,20,5,-20,-30,-9,-11,21,-6,-29,-12,-19,-8,11,-15,-26,7,-24,3,-2,-18,-20,19,-13,20,-11,-14,-9,24,-11,19,-15,-10,7,23,2,19,-17,1,16,16,15,15,-13,10,20,7,23,6,-7,14,20,-5,21,-7,-1,13,14,-13,14,-20,8,12,6,-22,-4,-22,16,6,-5,-23,-19,-15,14,-4,-13,-13,-28,-7,10,-12,-27,-9,-25,19,4,-17,-23,10,-9,29,-8,-17,-15,26,18,25,-17,-7,5,30,28,8,-14,7,23,15,24,-14,-7,15,29,-1,5,-25,3,12,21,-11,-4,-22,7,6,0
26,22,1,11,18,-7,41,-8,17,9,6,-23,15,-42,16,-9,-20,-23,-21,-40,-6,-16,-26,4,-43,-9,-18,-8,-13,25,-37,27,-14,3,5,27,-8,42,-6,24,25,12,24,31,10,17,21,-11,42,7,19,2,10,-22,29,-17,21,-11,-7,-17,8,-38,7,-21,-21,-9,-17,-26,-12,-27,-19,9,-33,-9,-19,-10,-10,19,-30,14,-23,8,3,21,-20,25,-17,14,11,16,-1,30,0,25,19,6,17,24,16,19,16,-8,26,6,24,4,7,-15,20,-9,22,-15,-5,-14,9,-23,9,-24,-13,-11,-3,-22,-15,-23,-15,0,-15,-16,-30,-8,-12,11,-20,-10,-29,20,-5,14,-23,15,-8,32,10,16,-7,27,22,27,18,2,16,25,33,2,17,-12,33,4,20,-27,-2,-18,26,-21,-9,-33,-15,-14,-4,-31,-26,-9,-16,5,-15,-25,-27,4,-12,9,0
-5,29,-8,6,10,-14,30,26,-1,13,-8,-23,38,-7,13,4,-23,-4,15,-34,15,-8,-16,16,-14,-34,1,-20,1,24,-35,-13,-14,-10,18,14,-31,15,-20,6,22,-5,-10,32,-9,17,12,-19,15,29,5,17,-4,-19,31,11,15,9,-16,-11,28,-14,18,-5,-17,5,11,-28,8,-17,-10,15,-10,-26,-6,-19,3,17,-25,-11,-18,-11,13,10,-27,-5,-20,0,14,6,-21,16,-16,14,16,-7,-5,24,-2,20,6,-13,11,18,13,17,-5,-12,21,9,20,4,-12,-9,19,-8,18,-10,-13,3,13,-16,6,-23,-11,9,-2,-18,-11,-22,-1,14,-13,-17,-24,-6,9,12,-22,-5,-24,16,16,4,-20,12,-4,28,12,-10,-6,25,20,20,3,-16,16,22,32,-4,-10,-12,28,1,12,-25,-16,2,18,-20,-14,-22,-8,11,5,-21,-17,-12,-1,11,0
-10,35,4,7,-14,-13,27,34,14,-2,-24,6,46,-7,11,-17,-9,27,22,-36,-14,-16,18,21,-14,-41,-20,-4,27,1,-41,-17,-12,14,19,-21,-38,19,6,19,-8,-25,-10,38,18,14,-21,-15,17,38,15,-7,-25,4,36,12,10,-20,-13,19,31,-15,-8,-20,7,21,15,-30,-19,-10,13,10,-14,-31,-22,7,20,-4,-29,-13,-9,20,12,-15,-28,0,-1,23,3,-16,-19,19,15,17,-10,-13,-2,31,20,2,-18,-7,14,20,22,-13,-15,4,22,3,5,-24,-6,15,22,-7,-18,-19,3,14,9,-18,-26,-5,11,8,-5,-21,-21,16,15,-1,-19,-19,2,29,11,-12,-26,2,22,22,-2,-17,-17,18,30,1,-13,-10,0,32,15,-22,-18,1,23,16,-10,-27,-7,15,32,-5,-31,-8,6,17,15,-29,-19,19,15,8,3,-27,-9,25,13,0,0
-13,-25,-5,-21,8,-6,-33,-3,-25,-10,-5,-11,-23,25,-21,16,-9,-4,2,34,-3,27,-4,5,24,16,20,17,7,14,25,-4,25,-5,14,2,14,-21,10,-22,11,-12,0,-30,-4,-21,-8,-7,-18,-14,-19,-8,-7,-3,-24,-1,-16,5,-2,4,-13,14,-8,16,-5,2,-3,20,6,11,4,-4,9,14,9,5,-7,2,15,6,11,-1,-3,4,10,3,7,-6,2,3,13,-4,2,-5,4,5,5,-5,-3,-5,12,0,6,-15,-1,-1,7,-2,0,-15,-1,-2,-2,-17,-23,-15,-9,-9,-6,-10,-25,1,-9,-2,-17,-1,-19,22,-11,8,-15,15,-5,37,-5,14,5,22,29,34,13,17,28,6,45,-4,21,-3,20,-11,28,-34,12,-14,5,-25,-14,-51,-9,-25,-24,-18,-48,-21,-20,-9,-20,11,-45,25,-19,10,-5,24,-21,32,-7,13,6,23,1
-17,-3,29,22,8,24,-14,16,45,-10,28,11,9,27,18,-35,22,-17,24,8,-14,-40,3,-27,25,-15,-38,-17,-18,-23,7,-30,-37,17,-32,0,-15,-21,-20,33,-22,14,-30,-8,11,37,-2,26,-26,14,29,23,11,21,-4,31,38,0,24,7,15,28,27,-26,25,-11,28,13,3,-30,8,-18,29,-10,-14,-26,-2,-18,19,-25,-29,-9,-17,-13,6,-27,-30,0,-19,-7,-16,-27,-22,16,-18,5,-25,-13,-7,28,-14,13,-31,7,7,21,-1,17,-19,27,17,12,11,16,5,34,22,4,16,9,29,25,18,-7,19,-4,40,6,9,-16,11,-16,31,-23,-3,-23,-1,-23,7,-43,-13,-20,-13,-18,-30,-36,-25,-7,-23,-1,-45,-2,-25,12,-18,13,-38,33,-10,23,0,19,8,45,15,31,15,19,34,24,25,6,17,-3,33,-1,30,-9,17,-9,1
-30,-12,16,9,-17,-16,-31,20,20,-12,-25,8,0,37,2,-27,-7,27,30,24,-20,-16,17,24,36,-6,-27,8,28,2,18,-30,-13,27,18,-21,-5,-31,14,31,-3,-26,-26,-18,30,12,-22,-16,-30,3,29,-17,-23,4,-19,22,6,-32,-12,18,3,28,-15,-28,4,22,19,18,-30,-8,16,11,24,1,-27,16,18,-3,16,-15,-11,31,11,-15,12,-21,5,29,5,-17,-4,-24,26,18,-7,-16,-14,-15,34,-5,-14,-6,-23,2,18,-20,-15,4,-15,14,-2,-25,-8,11,-8,22,-23,-16,0,12,9,20,-29,3,9,7,22,14,-20,21,12,4,26,-5,0,29,10,-5,20,-25,26,21,6,-13,-8,-30,30,-5,-7,-11,-31,-16,14,-25,-15,-4,-34,14,-12,-27,-13,9,-9,34,-28,-4,-1,13,22,25,-16,15,11,9,29,12,-6,20,12,3,1
-32,-8,9,-16,-6,6,-29,25,-10,-19,7,9,7,41,-25,-4,14,4,36,18,-15,17,11,-9,38,-16,4,23,-4,-11,12,-34,18,9,-16,-3,-19,-32,20,-12,-11,11,-37,-8,6,-19,-2,13,-30,19,-10,-16,11,8,-7,37,-18,-7,10,-1,18,30,-16,9,10,-10,30,6,-3,15,0,-14,25,-15,8,12,-12,-12,9,-30,14,6,-15,1,-2,-25,11,-1,-16,6,-20,-15,7,-9,-7,13,-23,1,-1,-12,5,17,-19,14,-7,-8,16,7,-8,21,-12,-3,20,-7,10,22,-10,4,9,-17,24,7,-4,12,-7,-18,27,-10,4,13,-18,-9,15,-27,12,9,-21,7,-8,-32,15,-3,-11,24,-31,-18,10,-15,16,24,-35,14,-5,-17,29,2,-12,40,-20,-5,18,-25,29,29,-14,12,-8,-21,36,-1,1,14,-22,-7,29,-18,7,14,-19,4,0
-28,17,6,1,2,17,4,40,9,-12,23,9,37,20,-7,-11,18,-17,40,-16,-11,6,-3,-21,3,-39,-6,14,-21,-6,-28,-30,10,12,-20,11,-41,1,17,0,-3,22,-28,29,10,-12,11,15,7,36,-1,-21,22,-1,32,18,-14,-7,10,-15,33,-10,-17,7,-4,-17,15,-32,-6,17,-14,-9,-11,-29,9,16,-13,5,-25,-14,22,3,-5,12,-28,-1,21,-2,-1,11,-22,21,7,-15,7,10,-1,28,-7,-19,12,2,18,15,-19,-9,7,-8,21,-1,-19,6,-1,-7,17,-14,-6,19,-5,-8,2,-22,6,20,-11,-2,-14,-20,20,5,-11,5,-26,-8,17,-14,-5,11,-22,17,2,-23,6,11,-4,30,-19,-16,15,3,21,23,-23,6,10,-9,33,-7,-6,25,-1,-17,16,-32,16,19,-15,-9,-18,-28,21,-6,-14,7,-27,-14,14,-12,-10,12,0
2,-33,0,-8,-6,15,-28,-31,-6,-7,9,19,-40,-2,-11,2,21,5,-33,22,-10,7,19,-7,-10,40,-5,13,9,-21,12,40,10,13,-4,-22,30,24,12,4,-13,-15,41,5,12,-5,-19,-5,31,-18,13,-9,-16,8,20,-32,3,-17,-12,16,-3,-38,-5,-13,-1,19,-19,-28,-12,-10,9,16,-26,-12,-17,-4,13,5,-26,1,-22,8,14,-3,-27,8,-13,12,12,-5,-18,16,-6,21,6,-10,-7,24,4,18,3,-10,6,21,14,10,-4,-8,15,17,19,3,-6,-6,17,8,19,-6,-7,-2,22,2,9,-13,-8,-3,20,-7,-1,-20,-5,2,16,-18,-9,-16,-6,6,8,-26,-18,-10,-5,9,-8,-24,-20,3,3,10,-26,-20,-13,17,10,10,-32,1,-1,21,13,2,-26,22,15,14,9,-9,-6,32,21,2,3,-12,7,26,16,-5,-3,-10,0
-17,31,7,4,12,14,21,34,12,-2,24,-4,41,8,2,-15,12,-22,30,-26,-11,-12,-12,-21,4,-39,-19,1,-23,-8,-27,-28,-14,15,-21,14,-39,-4,1,20,-7,21,-29,22,17,13,11,20,-7,35,19,-3,19,5,14,30,14,-19,16,-8,31,10,-1,-21,7,-17,27,-14,-13,-16,-9,-16,13,-24,-23,0,-14,-5,-6,-28,-18,17,-16,5,-14,-23,-7,19,-10,8,-25,-8,4,22,-2,11,-23,6,21,13,5,10,-11,21,22,-4,12,3,2,22,14,-16,9,-3,15,18,-1,-19,9,-5,19,4,-14,-18,0,-9,21,-6,-26,-2,-4,-9,16,-20,-21,16,-8,-5,-2,-26,-4,28,-10,2,-23,-16,15,14,-6,9,-28,-1,31,3,3,9,-19,21,18,-20,10,5,6,34,-6,-24,13,1,23,16,-19,-9,4,-8,25,4,-18,-2,1,-10,0
-1,-38,10,2,-9,21,-39,-25,10,-13,16,24,-40,22,-3,-20,30,-5,-5,44,-22,-8,13,-26,32,30,-16,15,-15,-24,40,-6,-3,27,-28,-3,26,-31,22,17,-21,17,-7,-40,24,-5,-1,26,-33,-19,12,-19,19,16,-33,7,-9,-25,21,-4,-17,28,-23,-9,11,-17,10,35,-20,9,-3,-21,27,15,-10,26,-17,-11,33,-6,14,22,-21,1,22,-17,17,18,-17,9,2,-24,27,1,-3,15,-16,-22,13,-19,11,14,-24,-7,-5,-24,14,4,-21,10,-20,-16,12,-5,-12,21,-24,4,9,-10,6,24,-16,20,-5,-15,21,11,-1,24,-14,-8,31,-3,24,13,-17,0,17,-22,32,-5,-10,16,-4,-28,17,-27,3,17,-26,-17,-14,-28,16,8,-35,14,-30,-2,19,-7,-9,36,-18,24,4,-20,23,30,12,26,-13,-13,27,11,18,17,-14,-4,0
35,1,11,5,-7,19,30,-31,11,-16,13,20,-12,-44,-4,-20,29,0,-39,-20,-16,-11,19,-18,-40,16,-23,6,-3,-27,-15,39,-9,21,-22,-13,19,37,11,21,-28,7,35,14,23,8,-12,22,34,-14,25,-8,5,23,18,-29,8,-25,17,11,-9,-32,-10,-25,22,-5,-28,-13,-18,-14,11,-17,-32,7,-21,10,-4,-21,-19,23,-16,19,-12,-15,-8,27,-2,21,-16,-6,7,27,16,21,-15,3,19,16,23,9,-10,8,24,-3,22,-10,1,16,18,-14,11,-22,8,10,5,-22,-6,-24,14,5,-10,-21,-19,-13,13,-6,-21,-15,-27,7,9,-12,-24,0,-16,24,-1,-14,-21,21,3,33,-14,-13,-3,31,28,18,-17,0,23,22,31,-9,-14,14,33,-5,14,-26,6,20,18,-30,-16,-24,18,10,-8,-35,-26,-2,16,-4,-18,-21,-24,7,8,-12,0
35,1,-10,19,5,-8,32,-31,9,22,-5,-6,-13,-44,29,3,-11,0,-42,-21,21,-19,-3,10,-39,21,-5,-26,6,11,-11,41,-23,-13,16,3,21,34,-25,8,14,-6,36,9,-8,24,2,-16,34,-19,10,24,-12,-12,10,-36,20,10,-14,0,-17,-28,17,-10,-10,6,-28,-11,7,-15,-2,17,-25,10,-7,-16,8,14,-9,26,-15,-10,10,8,-1,28,-13,-5,8,3,15,18,-12,6,12,-8,22,9,-5,11,-2,-14,20,-9,2,11,-8,-12,11,-18,9,10,-15,-6,-3,-21,13,2,-11,7,-13,-18,10,-4,-4,12,-23,-5,8,-15,1,17,-20,12,-6,-15,14,9,-14,25,-15,-9,21,-9,16,29,-18,6,4,-17,26,5,-7,18,-3,-22,29,-17,8,17,-21,-8,4,-33,19,4,-17,14,-22,-24,13,-11,1,23,-31,-9,5,-16,11,13,0
-33,-2,-8,16,8,1,-20,33,15,18,11,-5,14,40,25,2,-2,-12,39,11,13,-22,-13,-9,33,-20,-6,-21,-12,7,7,-36,-20,-7,0,16,-22,-30,-19,11,11,9,-38,-7,-7,19,10,-2,-30,19,8,17,10,-10,-3,33,21,4,3,-12,16,29,14,-5,-8,-7,31,7,5,-15,-11,-3,29,-12,-4,-14,-8,10,11,-28,-13,-6,-2,11,4,-29,-14,-4,6,13,-18,-21,-11,9,12,5,-25,-5,-5,12,12,-2,-21,14,6,12,12,-8,-12,25,10,8,-1,-12,10,23,10,-1,-6,-9,23,12,9,-10,-13,-2,27,-5,0,-15,-11,7,15,-21,-9,-11,-7,16,1,-30,-15,-3,9,17,-23,-18,-13,10,18,4,-30,6,-1,19,18,-10,-18,27,15,11,-1,-19,10,29,18,-3,-17,-12,29,12,6,-15,-17,8,26,-1,-1,-12,-11,11,1
37,-3,-31,-2,-20,21,23,-35,-20,30,10,32,-20,-35,20,38,34,6,-39,-7,39,13,26,-22,-27,22,28,-24,-4,-31,-7,34,2,-29,-24,-18,19,24,-30,-22,-28,6,26,8,-27,2,-15,19,22,-16,-22,16,5,22,9,-20,-4,24,12,10,-9,-19,13,21,16,-4,-24,-12,20,14,12,-10,-20,4,25,-10,3,-13,-12,15,15,-27,-6,-16,-5,16,2,-26,-10,-7,1,16,-19,-20,-10,-3,11,12,-27,-6,-11,4,18,5,-26,14,-8,10,18,-4,-6,30,-1,14,18,-16,18,25,7,17,-1,-26,33,2,21,5,-20,-21,26,-18,16,-11,-34,-5,3,-34,9,-24,-30,23,-23,-28,-10,-22,2,40,-34,0,-27,-3,33,27,-16,25,-23,21,42,-10,9,31,6,28,18,-42,22,9,24,14,-19,-42,15,-13,25,-6,-30,-24,4,-16,15,-16,0
-35,-11,-29,-12,17,23,-33,22,-17,23,29,-4,2,42,9,25,13,-28,37,20,23,10,-17,-23,31,-16,21,-20,-29,2,11,-37,2,-19,-15,22,-18,-31,-15,-13,4,26,-27,-5,-21,2,19,9,-22,18,-16,13,20,-8,-3,23,-2,17,5,-14,17,18,11,16,-7,-14,22,-1,20,6,-13,-5,13,-9,15,-15,-10,6,7,-14,-1,-21,-6,8,-1,-17,-5,-21,-3,11,-11,-13,-20,-15,0,11,-15,-6,-21,3,6,8,-12,9,-15,20,10,-2,-12,13,11,21,10,-7,1,17,26,11,7,-14,15,16,25,-14,-8,-16,27,1,8,-23,-16,-5,24,-21,-17,-20,-19,10,1,-35,-27,1,-6,24,-35,-20,-12,17,20,18,-36,16,7,19,22,-6,-15,40,18,0,11,-21,25,36,11,-15,-11,-24,41,-2,-6,-14,-24,1,32,-17,-12,-5,-19,8,0
-21,18,5,17,-13,-11,10,38,24,6,-17,-2,33,14,16,-16,-2,15,26,-18,-9,-18,10,10,2,-32,-19,-6,10,-2,-22,-23,-14,11,1,-8,-31,2,-1,19,-2,-8,-13,24,14,13,-8,-5,2,23,14,-4,-1,3,18,13,3,-12,0,-1,21,-4,-3,-10,-1,2,10,-14,-7,-2,-1,6,1,-15,-3,4,0,6,-13,-10,-4,6,10,-1,-12,-7,-1,3,6,-3,-13,5,-2,3,1,-14,-11,7,-2,3,-3,-6,-1,14,3,5,-14,-2,3,10,6,4,-6,11,16,10,9,-1,-1,10,18,-7,3,-11,11,9,16,-22,-3,-16,10,1,-9,-25,-15,-3,9,-13,-25,-13,-13,10,-9,-12,-32,15,1,18,-7,1,-6,38,18,10,-3,5,26,30,20,-8,3,2,42,-4,5,-19,2,-1,16,-30,-12,-10,1,-3,-2,-32,-16,-2,-2,-1,0
-19,-22,15,0,1,-19,-36,4,9,-19,-15,-8,-14,30,-12,-18,-16,10,14,29,-20,0,-5,14,25,8,-12,14,15,10,24,-9,3,15,7,-4,8,-28,16,10,9,-5,-10,-25,14,-3,6,-7,-22,-11,6,-10,-3,-6,-20,5,-4,-10,-3,-3,-12,17,-6,-6,-8,3,5,21,-10,-2,-7,8,15,14,-6,3,2,14,17,-1,-3,4,13,7,16,-2,-1,6,9,2,13,-14,1,7,12,-5,-1,-19,8,3,5,-12,-10,-20,11,3,-4,-9,-25,-11,10,-5,-10,-9,-26,8,4,-13,-14,3,-18,22,-8,-14,-4,10,6,27,-12,-5,8,17,29,22,-17,9,14,7,39,-3,-6,18,11,-8,22,-31,14,14,-2,-16,-10,-41,20,0,-6,-7,-41,-21,13,-16,-6,6,-40,23,-9,-23,-3,6,-2,43,-21,-7,3,7,15,36,-16,3,2,3,0
-29,16,-15,3,6,4,2,39,-8,15,4,-6,37,23,8,15,-6,-11,38,-16,19,2,-9,-2,11,-35,14,-6,-6,6,-21,-33,8,-17,2,8,-34,-8,-6,-18,5,2,-28,17,-17,-11,4,-5,-7,33,-21,9,1,-6,17,26,-7,21,-2,-2,25,6,8,21,-1,3,20,-13,17,8,0,3,7,-23,18,-9,2,1,-5,-18,11,-17,0,-3,-11,-12,0,-16,-4,-4,-16,-2,-12,-14,-5,-2,-15,6,-13,0,-3,7,-9,14,-16,12,1,8,1,19,-3,16,8,3,14,15,8,14,6,-8,21,4,16,4,-2,-10,22,-9,15,-5,-10,-9,9,-27,8,-10,-14,7,-14,-25,-4,-7,-6,16,-29,-6,-9,-4,8,13,-30,21,-15,0,17,-1,-1,35,-9,11,7,-15,30,22,4,16,-8,-14,31,-10,11,8,-16,0,22,-20,13,1,-13,5,0
-13,-32,-17,-3,-1,-5,-38,-13,-17,11,-3,-4,-35,26,3,20,-7,0,-2,44,13,14,-2,9,30,30,21,1,4,8,38,-2,11,-14,4,2,26,-27,1,-18,5,-3,-3,-36,-13,-16,-2,-8,-17,-24,-19,-12,-4,0,-28,-4,-19,7,-3,3,-23,14,-10,18,1,4,-9,24,7,19,1,-1,7,24,17,10,0,-2,18,15,23,-3,-4,-2,17,7,16,-7,-4,-1,19,-5,9,-18,-4,1,12,-16,-8,-14,3,6,2,-17,-13,-12,5,4,-7,-16,-14,4,9,-1,-19,-11,-11,15,4,-11,-21,0,0,13,-4,-12,-20,14,4,12,-13,-4,-8,26,7,5,-14,6,15,28,12,-3,-6,17,35,11,9,-9,10,16,35,-16,4,-13,20,4,8,-38,-9,-13,12,-15,-25,-33,-15,-2,-3,-20,-36,-2,-12,10,-16,-8,-28,14,-4,14,-14,0,0
-33,-8,13,7,2,8,-35,24,20,-3,7,3,-2,41,7,-16,9,-4,33,26,-6,-17,1,-8,40,-7,-17,-10,-5,-5,22,-32,-19,3,-7,1,-8,-35,-12,14,-2,8,-30,-20,2,19,1,6,-34,4,15,12,4,4,-19,24,16,1,5,-1,2,30,13,-14,1,-2,20,22,1,-21,1,-4,24,5,-11,-15,0,-3,20,-10,-15,-5,-1,-2,17,-16,-18,1,-2,-3,3,-22,-11,12,-5,-1,-7,-16,0,13,-6,1,-20,-10,10,12,-1,8,-18,0,11,4,1,7,-14,12,10,-7,8,7,-8,21,7,-10,13,-1,10,23,-4,-10,7,-13,20,13,-4,-8,-4,-13,32,-4,-10,-6,-15,-10,17,-28,-10,5,-16,7,-9,-32,-4,10,-5,17,-34,-16,6,12,11,15,-33,15,14,7,18,-1,-9,37,11,-7,12,-14,8,29,5,-9,2,-13,0
-7,31,3,15,-7,-1,29,30,19,6,-7,3,38,-6,17,-7,3,8,18,-34,4,-18,9,4,-14,-37,-15,-19,7,-5,-33,-15,-23,-8,2,-9,-31,14,-21,12,-7,-6,-11,28,-9,24,-9,2,13,30,17,25,-5,8,24,9,27,7,4,8,22,-9,22,-13,9,2,10,-18,7,-27,4,-6,-4,-20,-16,-20,-1,-5,-12,-13,-26,-6,-6,0,-13,-10,-28,1,-6,3,-14,-2,-15,17,1,8,-9,10,8,21,6,6,-7,14,19,11,7,-2,1,17,19,-1,0,-8,16,16,10,-16,-9,-8,23,3,-6,-13,-14,1,22,-16,-11,-6,-6,16,8,-33,-9,0,8,15,-21,-26,0,5,18,2,-41,-1,-1,5,12,-15,-29,31,-1,6,-5,-18,8,43,6,7,-20,-6,40,22,12,2,-15,12,34,-21,9,-9,4,18,19,-31,2,-11,11,13,1
-1,-26,-15,10,1,1,-28,-18,-2,24,2,1,-29,12,14,19,2,-1,-9,31,27,-2,1,-3,18,26,16,-20,-3,-3,31,6,-5,-29,-2,1,24,-16,-26,-17,2,3,3,-28,-30,6,3,2,-14,-21,-18,27,1,-5,-25,-4,14,32,-4,-4,-18,11,29,14,-6,1,-5,20,28,-13,-2,7,8,18,11,-29,3,6,15,9,-13,-27,9,2,17,5,-23,-19,9,-3,17,-7,-29,4,3,-10,11,-16,-17,25,-8,-11,-2,-19,9,25,-14,-1,-15,-17,20,15,-9,12,-24,-3,22,-10,2,18,-21,13,7,-19,15,11,-8,31,-6,-19,19,-8,16,27,-17,-2,8,-19,39,9,-10,5,-15,-21,34,-22,-2,8,-25,-4,3,-46,1,10,-16,20,-37,-28,3,2,10,25,-46,16,7,-1,27,4,-11,41,3,-5,16,-17,10,37,1,-4,5,-19,1
-33,4,11,-2,-2,-19,-19,31,5,-9,-16,-11,17,35,-7,-11,-16,10,39,10,-11,-1,-5,17,31,-22,-6,11,8,12,5,-37,3,12,14,3,-23,-27,10,5,7,-7,-35,-6,8,-3,6,-9,-27,19,4,-9,-3,-7,-7,31,-3,-9,-8,-4,14,28,-6,-6,-9,2,28,9,-10,-2,-2,7,27,-10,-8,5,2,8,13,-22,-4,9,3,1,6,-27,0,11,5,2,-11,-23,9,9,2,0,-23,-9,13,1,-2,-2,-25,7,11,-9,-4,-1,-15,20,1,-17,-1,3,1,27,-12,-15,4,3,15,21,-20,-5,9,-4,28,9,-17,12,2,-11,27,-14,-2,21,-7,-10,14,-36,16,22,-15,0,-18,-34,27,-2,-10,15,-38,-8,14,-23,8,20,-34,27,-9,-27,21,5,-1,41,-26,-8,16,-16,30,26,-19,15,-5,-24,34,7,-9,21,-12,-16,1
28,6,-4,4,-9,0,23,-22,3,5,-8,8,-6,-34,8,0,2,10,-29,-20,4,-6,10,6,-32,11,-4,-9,10,-3,-16,34,-8,-3,5,-10,14,31,-6,7,-3,-12,33,11,-1,11,-11,-4,32,-17,8,6,-11,5,11,-34,9,-3,-5,12,-20,-31,6,-10,5,12,-32,-8,-6,-12,11,7,-28,18,-12,-3,12,-5,-8,34,-10,5,5,-11,7,31,-8,11,1,-13,28,16,3,14,-8,-9,30,-5,11,5,-13,0,16,-25,12,-4,-9,9,-6,-27,3,-11,2,14,-24,-15,-4,-12,9,9,-24,7,-12,-3,12,-2,-12,20,-9,6,7,-8,6,19,-1,12,-2,-11,17,12,7,7,-8,-5,17,-6,11,0,-8,1,10,-14,4,-8,-4,8,-4,-16,-4,-8,2,7,-15,-6,-9,-1,8,2,-13,3,-5,7,5,-3,-9,9,-1,7,2,-5,0
-16,-26,-11,28,2,1,-35,-7,8,33,5,-2,-32,15,26,27,4,-7,-18,40,35,0,7,-11,8,37,34,-16,-7,-6,26,27,22,-33,-12,-3,36,8,4,-37,-11,2,36,-14,-20,-32,-10,7,20,-28,-33,-21,-1,15,3,-35,-37,1,5,16,-11,-30,-35,16,8,8,-24,-21,-18,33,10,1,-31,-5,2,36,12,-5,-27,9,13,31,8,-9,-25,18,25,22,4,-9,-11,25,30,8,-1,-11,2,29,31,-9,-4,-7,13,18,22,-14,-11,-3,20,10,9,-16,-8,0,16,-1,1,-18,-4,4,17,-8,-7,-15,-2,3,6,-15,-6,-9,0,6,0,-18,-7,-3,-3,6,-9,-12,-9,-5,4,5,-8,-7,-15,-3,3,6,-14,-1,-14,4,7,4,-10,6,-13,14,8,-1,-5,10,-4,20,10,-9,0,9,8,19,4,-9,3,5,16,15,-1,-8,0
-26,-23,-21,-9,-8,4,-45,2,-27,11,-4,10,-35,36,-15,29,5,14,-1,46,6,30,13,7,28,32,21,20,12,-7,43,11,32,6,7,-14,42,-14,33,-16,-2,-16,22,-36,19,-26,-15,-10,-2,-41,-4,-33,-16,-1,-20,-31,-19,-30,-12,10,-36,-13,-29,-8,-6,14,-32,5,-35,4,6,12,-22,24,-21,21,12,9,-8,28,-5,27,11,1,2,29,1,23,11,-3,17,23,15,22,9,-9,23,9,19,8,3,-10,22,0,22,0,-3,-7,16,-13,12,-9,-4,-6,5,-17,7,-12,-5,-2,-4,-18,-1,-11,-7,-1,-8,-13,-1,-13,-8,3,-12,-5,-5,-12,-6,4,-12,-1,-11,-11,-2,8,-15,8,-19,0,0,10,-8,13,-18,7,7,8,0,16,-12,20,14,1,7,9,5,26,8,-7,14,8,22,13,3,-9,10,2,22,9,-2,-9,0
-31,5,-9,13,-8,3,-17,28,8,16,-4,6,14,32,18,3,4,8,42,13,16,-14,10,4,32,-20,-2,-19,7,-5,4,-41,-19,-9,5,-9,-23,-32,-20,7,1,-10,-36,-6,-6,18,-9,-8,-33,23,7,16,-12,4,-3,43,19,6,-7,10,29,30,16,-10,3,13,40,2,5,-17,9,7,31,-25,-11,-13,14,-2,1,-37,-15,-1,6,-12,-10,-33,-13,4,1,-13,-30,-16,-4,11,-10,-11,-30,11,3,10,-14,0,-14,26,7,5,-8,7,5,24,7,-1,-1,10,21,7,1,-8,9,8,20,-8,4,-6,5,-4,9,-13,-1,-2,4,-6,-4,-11,-3,0,-3,-6,-5,-7,-3,1,-3,-2,-6,-2,-3,2,-3,4,-7,-4,-3,6,2,-1,-13,1,2,6,1,-5,-14,15,1,3,-2,1,5,15,2,-3,-2,4,13,10,4,-5,-2,4,0
42,7,4,-7,-9,12,33,-35,-5,-12,8,15,-15,-51,-15,-2,19,1,-50,-16,-14,10,12,-17,-37,31,-1,17,-9,-17,1,46,13,15,-19,-4,36,28,18,-2,-14,13,40,-9,14,-16,3,19,19,-33,-4,-19,14,8,-14,-33,-15,-9,17,-6,-30,-10,-16,2,5,-13,-25,13,-9,14,-6,-10,-8,27,3,14,-12,-4,14,23,11,6,-10,6,19,16,15,-1,-5,8,18,0,13,-10,1,3,7,-12,6,-10,5,1,3,-13,-6,-11,1,2,-5,-10,-11,-6,3,1,-10,-3,-7,-1,3,2,-8,-2,-10,11,5,-1,-9,4,-5,13,1,-9,-4,13,6,17,-7,-9,7,17,20,6,-14,1,20,5,17,-13,-7,13,19,-14,-1,-27,6,17,3,-25,-24,-17,17,3,-22,-16,-28,14,12,-14,-24,8,-4,30,-6,-15,-18,18,12,23,-12,-12,0
-30,-18,5,8,8,11,-38,20,12,-2,14,-2,-1,42,8,-11,3,-15,39,20,-6,-6,-11,-12,37,-20,-11,-8,-20,3,8,-41,-13,6,-9,17,-27,-31,-4,14,8,16,-40,4,9,10,20,3,-21,26,17,0,9,-10,7,27,13,-11,-4,-13,24,16,-6,-19,-10,-6,22,-10,-10,-11,-10,5,7,-21,-14,2,-2,10,-9,-19,-7,15,7,7,-15,-13,-2,11,6,4,-19,5,6,7,6,-2,-7,14,9,4,3,-5,2,10,11,-5,-1,-2,8,5,5,-8,-1,0,6,2,-3,-13,-1,-2,10,1,-12,-5,-3,-3,6,-4,-11,0,-5,-2,-2,-11,-11,6,-5,8,-9,-13,-1,19,5,11,-16,3,15,15,14,1,-11,15,19,-7,9,-10,7,21,5,-23,-3,-17,23,4,-18,-17,-14,-5,16,-13,-22,4,-12,8,8,-19,-14,18,-6,12,0
39,10,-4,5,10,-10,41,-20,-5,13,-1,-14,15,-49,1,13,-13,-14,-20,-45,9,9,-18,-1,-42,-22,18,2,-12,11,-46,9,11,-6,-5,17,-31,30,8,-17,7,15,-11,38,-4,-23,14,9,12,37,-19,-12,14,-1,30,22,-21,1,8,-11,34,1,-16,7,3,-12,29,-12,-9,20,-2,-8,13,-24,-2,17,-7,-5,3,-28,10,15,-6,-3,-6,-25,10,11,-6,-2,-16,-16,13,6,-4,2,-19,-7,13,-5,-4,3,-19,1,9,-7,-4,3,-11,10,7,-8,-2,5,-8,12,2,-14,-1,6,-5,12,-5,-16,2,9,-2,15,-12,-11,6,9,6,14,-15,-8,13,4,16,12,-19,3,15,-6,19,4,-18,14,11,-14,17,-10,-9,22,-1,-18,13,-19,11,25,-11,-13,-3,-24,27,11,-20,-2,-20,-17,25,-8,-15,11,-24,-8,16,-18,-8,16,0
4,38,12,-5,-6,-4,38,21,8,-14,-7,3,40,-19,-8,-22,3,7,12,-45,-24,-10,10,4,-26,-31,-18,13,4,-4,-44,3,-3,20,2,-13,-29,34,18,18,-10,-9,2,36,23,4,-9,1,25,21,18,-16,-2,5,33,-1,0,-24,3,6,23,-19,-17,-19,4,2,-1,-26,-25,1,4,-4,-17,-20,-13,21,-3,-2,-21,-3,4,22,-4,2,-17,3,11,17,-2,4,-11,14,19,5,1,3,0,13,15,-8,6,2,7,10,4,-13,3,-6,12,5,-7,-14,-3,-6,11,-1,-12,-4,-9,-3,11,-3,-7,8,-10,6,11,-10,0,5,-3,16,1,-19,4,5,11,12,-11,-17,-2,-1,17,0,-22,-1,-2,0,8,-15,-20,17,1,9,-8,-16,1,32,11,4,-22,-7,28,20,10,-7,-17,15,33,-12,-4,-14,2,22,19,-22,-7,-11,12,15,1
-12,31,-11,6,15,-1,25,33,-1,17,9,-12,41,-4,15,8,-5,-13,23,-32,13,-6,-8,-5,-11,-38,1,-13,-8,-5,-34,-13,-10,-7,-4,1,-34,17,-16,0,-2,5,-9,31,-4,10,-2,7,14,28,4,9,1,9,30,6,12,4,6,4,26,-12,5,-4,15,-7,11,-22,3,-2,6,-11,-11,-16,-4,-1,-3,-6,-24,-9,-4,-4,-10,-1,-19,2,-4,-3,-6,-2,-16,12,-3,-1,-7,7,-6,19,-7,-1,0,10,7,15,0,2,6,11,20,12,-2,11,13,2,18,-3,8,6,8,-2,16,-13,11,1,5,-9,0,-21,9,-10,-2,-9,-16,-21,-3,-16,-8,-9,-30,-4,-16,-9,-17,-2,-24,23,-20,10,-13,11,3,33,-4,25,-2,19,31,19,17,15,18,14,35,-15,22,-7,24,-12,9,-34,6,-18,2,-27,-9,-31,-5,-19,-9,-22,0
-35,5,2,6,5,-7,-13,39,4,1,-9,-10,25,35,5,0,-12,1,41,-2,6,-1,-4,12,20,-30,4,-5,5,7,-14,-34,0,-5,10,-1,-32,-14,-8,-5,4,-7,-29,13,-12,2,-3,-9,-10,28,-4,10,-6,-3,14,24,5,11,-5,5,22,8,11,5,0,3,19,-8,12,-6,0,0,8,-22,1,-14,3,1,-10,-22,-10,-6,2,1,-18,-16,-12,-1,3,0,-20,-2,-8,5,4,0,-15,12,-1,11,3,-2,-1,18,3,6,-4,-2,8,15,5,3,-6,-1,22,8,6,-4,-9,4,25,-6,4,-5,-6,11,12,-21,0,-4,4,12,-9,-24,2,-4,13,2,-25,-15,-9,-9,10,-10,-27,15,-11,-3,-4,-16,-5,35,-5,9,-16,-7,27,24,6,10,-16,13,39,-7,16,1,1,17,14,-32,7,-15,16,9,-3,-29,-2,-16,14,-2,0
-29,-19,-7,4,-9,6,-39,17,4,10,-4,11,-9,40,10,1,5,9,23,36,8,-4,13,4,38,7,-2,-6,16,-5,34,-25,-4,-8,6,-13,5,-35,-6,1,-5,-15,-21,-32,-6,3,-13,-9,-29,-10,0,6,-15,-2,-28,12,4,2,-12,12,-10,27,5,0,4,11,2,26,-3,1,12,14,20,16,1,-1,13,-1,28,-1,5,-1,7,-13,22,-7,2,0,5,-10,15,-17,2,-4,-3,-10,0,-24,-2,-7,-8,-3,-15,-20,-8,-4,-7,0,-23,-10,-9,1,-5,3,-26,9,-9,10,2,5,-14,23,3,14,1,1,3,29,12,8,0,4,23,23,17,-4,2,4,38,4,10,-15,9,3,31,-26,-6,-20,11,-4,0,-38,-18,-6,5,-12,-33,-28,-19,11,-8,-15,-40,9,0,24,-16,-4,-17,34,16,11,-13,14,2,34,19,2,-5,17,0
-32,10,12,-12,8,-15,-23,38,0,-24,-7,-19,11,42,-15,-13,-17,-7,34,25,-17,-2,-17,7,41,-2,-13,11,-3,13,33,-25,-4,16,4,10,9,-42,8,16,9,10,-15,-38,14,8,9,2,-33,-23,16,-2,8,-3,-38,-2,10,-8,5,-5,-32,17,5,-11,2,-4,-15,31,-3,-10,0,-5,3,33,-7,-8,-1,-5,17,24,-6,-4,-3,-4,21,18,-8,-2,-3,-3,28,3,-7,2,-8,-1,22,-8,-5,3,-5,1,13,-15,-5,5,-3,8,5,-21,-2,8,-2,9,-3,-14,-1,7,3,5,-8,-14,4,9,8,4,-9,-8,7,8,9,-3,-12,-3,13,2,4,-10,-12,2,12,-9,-9,-9,-13,10,8,-15,-10,-7,-6,15,-5,-16,-13,6,2,17,-14,-9,-6,9,14,11,-17,4,3,12,16,5,-10,13,10,1,16,-2,-4,13,8,-2,0
-30,20,-2,-22,-6,12,-6,47,-21,-17,8,17,28,41,-29,3,18,7,45,17,-17,18,16,-5,48,-13,-5,16,10,-13,28,-43,10,20,-5,-16,3,-48,15,6,-11,-14,-22,-40,14,-1,-13,-3,-38,-19,9,-9,-9,6,-41,0,5,-7,-5,8,-32,22,-1,-8,1,9,-17,37,0,-13,5,7,4,35,-6,-7,7,2,19,27,-6,-4,5,-1,20,19,-5,0,1,-1,30,4,-10,1,2,-2,24,-13,-9,12,2,-2,12,-19,-3,13,-1,0,3,-19,1,11,3,2,-7,-13,9,8,3,0,-11,-10,15,6,2,-4,-7,-3,13,-4,-1,-6,-3,6,8,-20,-2,-10,-3,2,-2,-22,-10,-3,-5,-3,-14,-12,-11,3,-5,-1,-22,-3,-10,10,-15,2,-16,16,-1,19,-8,11,0,18,9,12,-2,14,13,16,14,1,3,12,16,12,14,-3,0
-18,-21,-15,-2,-9,-6,-37,-9,-12,9,-16,-1,-37,24,-9,17,-12,11,-10,39,9,12,4,15,15,40,8,4,11,10,34,22,9,-2,15,2,40,-5,4,-7,10,-9,34,-26,3,-7,5,-14,13,-36,5,-5,-3,-9,-10,-33,1,-4,-7,-4,-24,-26,0,-5,-7,-2,-35,-6,-6,-5,-6,3,-29,15,-11,-3,-1,4,-16,25,-9,1,1,3,-9,25,-8,3,0,3,8,25,-3,11,1,1,17,18,3,13,1,3,19,5,8,7,-1,3,18,-4,14,5,2,7,7,-10,10,-6,4,4,1,-9,6,-13,8,3,-1,-8,-6,-14,9,-6,-1,-5,-11,-11,7,-10,-1,-7,-16,-2,-2,-14,-2,-8,-13,12,-11,-11,-3,-7,0,18,-16,-5,-9,-3,14,11,-14,8,-14,4,13,1,-6,15,-7,11,9,-11,8,14,-2,11,3,-9,9,8,0
29,23,8,10,-8,5,45,-16,14,-2,0,12,8,-48,9,-10,13,10,-33,-36,-5,-15,14,-5,-47,-1,-24,-6,2,-9,-26,38,-17,10,-10,-13,11,43,-2,17,-13,1,36,23,14,18,-8,7,37,-11,20,5,2,10,14,-29,18,-10,9,5,-8,-30,4,-17,5,-3,-26,-17,-15,-14,2,-5,-27,5,-18,-2,-1,-5,-16,21,-13,12,-2,-5,-7,23,-10,13,-2,-2,8,19,1,15,-4,-3,17,10,13,8,-4,-2,15,-4,12,2,-1,2,13,-11,9,-7,-3,5,3,-16,2,-8,1,9,-5,-13,1,-11,8,5,-15,-12,-9,-12,11,-2,-19,3,-14,-4,5,-13,-16,22,-14,10,-8,-15,6,24,-3,18,-17,-3,23,11,13,17,-13,15,28,-10,23,-3,2,19,10,-27,14,-24,17,7,-17,-22,-11,-23,14,-11,-26,-14,-21,-13,10,-16,1
-34,-14,-1,-10,-8,7,-35,24,-12,-4,0,11,1,46,-13,8,11,5,37,27,-5,16,10,-8,43,-12,10,13,1,-11,18,-39,15,2,-10,-8,-17,-39,11,-12,-12,0,-36,-14,1,-14,-4,9,-35,16,-14,-10,3,8,-12,35,-15,3,9,5,15,33,-10,14,8,-3,31,12,5,12,4,-6,31,-12,13,6,-1,-6,15,-28,11,-3,-3,-5,2,-31,8,-7,-4,-3,-18,-20,-3,-5,-4,0,-28,-3,-6,-1,-4,5,-19,14,-1,3,-2,4,-3,22,5,1,2,5,10,20,3,-2,6,6,20,7,-3,-5,8,-1,20,-6,-7,-2,7,-7,7,-18,-11,5,-2,-10,-6,-17,-3,15,-9,-5,-17,-8,11,12,-13,3,-18,5,17,-4,-7,12,-11,17,6,-18,7,13,9,15,-11,-18,13,1,15,4,-20,0,8,-11,13,-2,-16,9,2,-12,1
-29,-17,-14,5,-2,6,-43,8,-10,15,0,6,-28,36,2,21,9,3,-1,48,16,12,4,-2,26,38,20,2,1,-7,45,15,16,-10,1,-3,43,-14,5,-18,-6,-2,29,-32,-4,-16,-6,2,8,-44,-14,-13,-2,3,-14,-37,-15,-2,1,7,-33,-24,-14,5,1,1,-38,-3,-9,9,2,2,-32,16,-3,13,2,0,-17,28,4,10,4,-2,-9,28,5,7,3,-2,8,26,5,4,5,-2,18,17,6,0,5,-2,23,5,5,-2,4,-6,17,-6,3,-2,-2,-7,10,-9,5,-2,-3,-6,2,-9,5,-3,-9,-5,-2,-11,3,-7,-10,-3,-3,-1,3,-8,-13,7,-1,-4,-5,-8,-1,13,-1,-3,-11,-6,4,15,2,-2,-10,0,14,14,-7,-6,-11,9,19,-3,-9,-3,-3,12,12,-11,-10,7,8,12,-3,-16,-5,9,10,7,-4,-11,1
34,1,-16,4,5,-16,28,-27,-15,21,-1,-20,3,-44,3,26,-14,-11,-25,-40,21,18,-24,1,-39,-14,29,-1,-28,11,-39,17,26,-16,-14,21,-24,37,14,-31,3,28,-5,41,-4,-26,18,25,16,32,-19,-18,29,12,33,16,-27,-7,26,-3,34,-1,-26,10,22,-19,28,-21,-18,21,8,-24,10,-31,-4,27,-3,-26,-7,-29,8,24,-11,-20,-13,-24,16,19,-19,-15,-23,-11,24,9,-24,-9,-24,1,23,-3,-23,5,-17,14,17,-14,-16,12,-5,16,6,-20,-10,20,6,13,-5,-18,1,26,15,2,-15,-12,5,24,13,-4,-17,-3,15,13,6,-6,-13,2,23,7,1,-8,-7,7,21,-4,-5,-1,-1,8,16,-17,-8,4,5,11,4,-23,3,7,3,4,-10,-23,9,7,6,0,-23,-13,9,2,6,-3,-23,-3,9,-4,4,-6,-19,8,0
18,29,-5,-16,-10,15,41,11,-16,-17,3,23,41,-21,-24,-5,19,20,18,-45,-22,8,30,7,-11,-46,-16,24,29,-14,-34,-34,3,31,15,-26,-46,-9,18,29,-2,-32,-43,20,27,13,-19,-26,-25,37,31,-4,-29,-13,-2,43,24,-18,-30,4,20,35,13,-27,-23,20,33,21,1,-29,-11,27,38,1,-11,-23,3,28,29,-24,-20,-19,21,24,22,-19,-23,-11,20,15,5,-27,-24,5,25,-1,-10,-30,-16,7,22,-9,-23,-17,-17,18,15,-20,-26,-2,-3,18,2,-20,-15,12,6,22,-11,-18,-12,16,11,18,-13,-13,3,14,20,13,-16,-1,10,9,21,1,-14,6,10,3,21,-9,-7,9,6,-5,14,-18,-3,12,-3,-5,5,-26,4,9,-2,-3,-11,-22,6,7,-5,5,-23,-14,10,2,-2,6,-23,3,6,-3,2,5,-19,9,4,-3,0
-29,-22,11,10,5,8,-41,3,26,-3,12,14,-29,28,13,-17,17,2,-6,46,3,-25,14,-12,22,41,-14,-25,11,-21,41,21,-26,-11,-6,-25,44,-2,-28,2,-16,-21,34,-28,-22,20,-22,-8,17,-41,-11,29,-26,4,-7,-41,5,26,-16,17,-25,-31,17,21,-10,23,-33,-14,23,8,5,25,-34,5,24,-6,13,18,-26,20,18,-15,19,12,-19,23,12,-18,23,8,-1,29,2,-22,21,-1,13,23,-9,-19,20,-6,22,16,-15,-16,12,-15,22,4,-18,-2,2,-20,16,-9,-16,6,-3,-19,5,-13,-7,11,-8,-18,-1,-14,-3,14,-18,-9,-9,-9,3,13,-19,-5,-9,0,8,8,-22,6,-2,5,10,4,-16,20,3,4,8,-1,-5,26,1,4,7,-6,6,22,6,-3,2,-8,21,16,1,-5,-1,-7,24,-1,-2,-6,-2,-7,21,-6,0
28,-31,-3,-12,6,-2,-6,-50,-11,-5,3,-9,-40,-32,-12,8,1,-9,-51,-3,-6,16,1,-9,-40,32,4,14,-9,-5,-14,47,12,8,-12,-6,17,42,15,-5,-12,1,39,22,10,-11,-4,7,41,-4,1,-13,-1,8,31,-22,-7,-10,5,11,12,-30,-10,-2,8,7,-6,-30,-8,5,10,2,-21,-20,-6,7,7,-4,-25,-5,1,9,4,-7,-24,-1,3,4,0,-8,-20,14,5,5,-5,-3,-6,16,4,-4,-3,-1,1,14,0,-5,-4,-3,11,10,0,-3,3,1,5,6,-5,3,-3,2,8,0,0,3,1,-4,5,-2,2,3,-3,-1,6,1,7,0,-8,2,9,-2,6,-8,-4,7,8,-8,-1,-10,0,10,5,-11,-4,-6,11,9,-2,-8,-8,1,14,2,-11,-6,-6,7,11,-8,-13,-2,0,8,0,-17,-11,1,3,6,-4,-14,0
39,-6,4,-10,-9,-2,29,-36,-5,-10,-6,3,-4,-51,-14,-5,-6,4,-32,-36,-14,5,-4,5,-46,-4,-4,14,-3,6,-43,23,3,16,4,10,-23,37,9,8,7,8,6,43,16,-1,9,3,21,34,12,-7,15,-3,33,12,3,-11,7,-8,34,-8,-5,-11,1,-12,22,-22,-9,-6,-5,-8,7,-27,-10,-1,-5,-1,-6,-26,-8,3,-7,2,-12,-21,-4,5,-7,2,-14,-10,2,4,-7,3,-19,0,2,4,-1,5,-11,7,5,1,-2,4,-5,9,-1,-3,-2,3,-1,10,1,-4,2,2,1,7,-4,2,-2,4,4,4,-2,0,-2,4,4,3,1,2,3,6,7,5,5,1,5,2,7,1,7,-1,8,-2,7,0,4,-5,7,-10,12,-1,-1,-8,-1,-16,7,-10,-5,-7,-11,-9,0,-16,-9,-1,-16,2,-4,-10,-8,3,-11,3,0
37,-6,1,-14,-5,7,30,-33,-6,-11,-1,11,-1,-48,-12,-6,9,8,-31,-36,-12,0,13,-1,-46,-7,-10,7,8,-9,-43,21,-7,14,-1,-10,-20,39,1,11,-8,-8,3,44,4,14,-13,-4,24,34,12,11,-9,4,36,13,14,2,-5,8,35,-9,13,-9,3,9,25,-23,8,-13,6,5,8,-29,-1,-14,6,0,-7,-29,-8,-13,6,-4,-14,-20,-9,-7,1,-6,-22,-13,-12,-1,1,-4,-22,3,-6,5,-3,-3,-15,8,-6,7,-2,2,-6,13,0,5,-2,2,2,13,2,5,2,3,7,10,5,3,3,1,9,3,2,-1,1,-1,4,-1,-2,2,1,-5,4,-1,-2,4,-3,-4,3,0,4,7,-7,0,1,-3,7,5,-3,5,4,-2,11,-4,1,5,3,-2,7,-12,5,3,2,-7,-3,-14,6,0,-1,-5,-6,-9,4,-3,0
21,-26,0,-4,-11,7,-3,-40,-4,-6,-3,16,-31,-28,-9,-2,11,13,-42,-2,-9,10,16,3,-35,26,1,14,15,-9,-12,39,9,12,5,-15,15,39,13,3,-5,-16,31,23,17,-7,-14,-8,37,1,9,-16,-18,5,31,-16,1,-20,-11,10,17,-28,-10,-16,-3,12,-3,-33,-18,-3,6,11,-19,-24,-14,4,10,7,-28,-11,-10,12,12,-2,-28,-4,-7,14,9,-4,-29,10,4,14,6,-5,-13,23,9,11,-1,-10,0,25,11,5,-5,-8,12,20,12,0,-6,-5,21,13,10,-9,-8,-2,24,2,3,-10,-5,1,18,-10,-2,-12,-2,4,12,-19,-6,-6,0,3,0,-20,-8,-5,-1,4,-11,-18,-10,1,3,5,-17,-7,-10,6,5,1,-15,7,-5,10,4,-3,-10,16,2,7,5,-6,3,12,7,8,0,-5,5,12,9,3,-1,-5,1
-36,-8,6,-1,12,-12,-40,24,0,-3,-1,-18,-7,47,-3,-7,-19,-14,26,39,-9,-3,-23,3,42,16,-8,9,-12,15,43,-12,-4,8,-1,19,23,-33,10,8,13,14,4,-43,11,1,16,7,-20,-36,14,-7,20,-4,-33,-13,7,-11,8,-16,-37,5,3,-7,4,-16,-22,28,-3,-10,-11,-14,-5,29,-9,-6,-13,-2,11,26,-9,-2,-12,3,16,24,-9,3,-10,4,25,6,-12,3,-5,10,23,-4,-3,8,1,9,15,-13,0,11,4,7,2,-17,0,16,3,4,1,-11,16,8,3,2,-4,-11,18,0,6,3,-3,-7,20,-12,5,0,-8,-5,10,-18,7,-1,-8,-1,0,-28,3,-8,-7,-2,-23,-27,-1,-8,-5,10,-28,-5,-9,-8,-7,13,-29,19,-11,-4,6,13,-8,33,-12,7,13,7,17,24,-2,9,14,4,24,19,2,11,0
19,-32,6,3,14,-8,-14,-49,4,-2,5,-20,-42,-24,1,-9,-9,-18,-47,9,-5,-5,-19,-7,-33,34,-7,6,-17,9,-1,48,-4,7,-8,20,25,37,1,13,6,20,41,16,7,9,17,14,40,-9,9,4,18,1,23,-25,12,-7,12,-11,10,-38,6,-8,10,-16,-10,-33,-1,-9,-2,-14,-25,-19,-2,-11,-6,-12,-27,-3,-15,-6,-14,-1,-26,2,-11,-3,-10,1,-20,18,-13,1,-14,6,-2,22,-14,4,-3,10,5,21,-10,6,-2,7,14,11,-6,18,4,9,13,5,4,14,3,5,11,2,13,10,2,5,9,-2,22,2,5,4,10,-4,19,-13,9,1,6,-5,14,-24,7,-2,4,-10,-2,-28,4,-8,0,-15,-25,-20,-1,-9,-11,-9,-31,0,-8,-5,-17,-8,-28,25,-12,-2,-12,6,-2,34,-8,7,-12,11,11,26,-8,10,0
29,28,-1,-4,5,17,48,1,-12,-2,22,8,35,-38,-10,1,24,-7,4,-51,1,11,10,-21,-34,-37,4,13,-7,-25,-48,-11,17,9,-19,-14,-42,18,16,-4,-22,1,-27,40,11,-14,-20,14,4,44,1,-16,-6,22,25,33,-14,-14,8,19,36,12,-14,-8,15,11,37,-9,-14,7,16,-2,22,-29,-13,10,17,-11,1,-33,-9,18,5,-17,-6,-32,-3,17,2,-16,-19,-20,11,17,-7,-10,-26,-4,14,13,-12,-7,-19,7,21,3,-10,1,-11,16,18,-9,-8,5,-1,17,14,-17,-5,9,1,15,2,-21,-3,6,8,10,-12,-21,1,10,12,6,-19,-15,3,9,10,4,-31,2,10,7,7,-1,-28,19,9,1,8,-13,-2,29,8,-10,3,-11,16,32,1,-12,-5,-12,34,10,-6,-11,-14,-10,30,-17,-12,-7,-13,-3,18,-23,-10,2,0
-19,-39,-10,21,-6,16,-50,-16,13,24,7,18,-50,31,23,12,22,7,-11,52,20,-7,14,-10,32,42,10,-22,3,-18,47,11,-6,-19,-7,-12,41,-18,-14,-15,-10,-4,16,-40,-21,1,-11,7,-8,-35,-14,8,-4,8,-24,-25,-10,13,-1,6,-30,1,3,21,6,2,-19,13,14,16,-1,0,-8,21,20,3,1,2,3,16,20,-8,1,6,8,13,15,-18,3,4,17,5,4,-27,2,0,7,-3,-18,-19,8,-1,1,-4,-29,-8,10,-6,-1,-3,-27,12,1,-13,4,8,-7,23,-5,-14,8,-2,5,28,-17,-7,8,-8,23,21,-20,8,-1,-11,29,4,-8,19,-7,-19,20,-22,3,22,-19,-9,-3,-30,17,14,-23,10,-18,-17,22,-2,-9,21,-33,-5,13,-19,6,22,-22,24,-2,-23,25,10,2,24,-18,-12,30,2,14,12,-19,-5,0
-37,22,-2,23,18,6,-15,52,15,20,26,-10,29,45,28,0,6,-22,50,15,21,-15,-8,-21,46,-19,4,-19,-19,-8,19,-43,-10,-19,-17,6,-5,-42,-16,-5,-8,13,-28,-30,-14,4,1,18,-33,-3,-12,15,8,11,-29,8,-1,10,7,6,-16,24,4,15,9,-1,5,25,20,11,8,-7,10,16,15,0,4,-4,17,7,18,-10,1,-5,15,4,12,-15,3,-5,7,-7,2,-25,3,-4,8,-11,-9,-23,-3,-5,4,-9,-21,-12,-7,-6,2,-2,-25,7,-8,-4,-1,-9,-19,15,-13,7,3,-9,-3,23,-8,9,2,-8,12,25,-4,12,-11,-8,23,18,9,14,-19,-10,30,-8,17,13,-16,11,22,-19,21,-6,-11,19,-1,-29,13,-14,5,25,-20,-19,-3,-23,20,15,-28,1,-15,-13,26,-2,-15,17,-21,-2,21,-9,-7,20,-16,6,0
38,-16,2,9,2,-12,4,-46,6,4,-12,-6,-40,-29,4,-4,-13,10,-44,19,-3,-9,2,16,-9,43,-6,-3,13,4,26,33,-4,3,12,-4,39,-1,-5,-2,1,-16,27,-25,-1,5,-3,-9,-2,-31,1,4,-7,-1,-27,-18,10,-7,-4,3,-26,4,2,-3,1,7,-7,22,-9,1,6,2,5,22,-8,4,4,0,14,8,-2,3,-1,-4,16,3,1,10,-1,1,11,-9,11,2,1,-1,3,-7,7,-8,6,0,-1,-6,-6,-12,3,-5,-3,-7,-11,-5,-5,-8,-5,-3,-12,9,-8,-1,-11,-3,1,13,-11,5,-12,5,15,11,0,14,-7,17,21,-5,13,12,10,23,4,-22,20,-2,23,4,-11,-19,8,-15,26,-18,-29,3,-8,-21,-1,-33,-8,27,-24,-2,-30,-19,18,19,-13,17,-25,11,23,1,6,17,-13,23,11,-13,14,8,0
0,23,-34,-28,29,7,23,13,-53,11,32,-22,27,-11,-21,44,2,-31,10,-29,25,44,-27,-18,-17,-24,42,12,-29,4,-28,-2,36,-21,-18,22,-20,16,15,-38,0,29,-4,27,-15,-34,19,15,13,28,-33,-12,21,1,29,8,-28,10,17,-12,31,-14,-14,25,6,-20,13,-31,4,22,-4,-16,-9,-39,14,16,-12,-16,-28,-19,18,12,-24,-6,-31,-7,19,7,-23,-1,-34,26,15,-7,-18,16,-19,36,6,-20,-3,24,21,38,3,-14,9,25,41,10,-2,-17,24,14,38,-16,-18,-15,36,-5,14,-40,-23,-3,23,-26,-17,-40,-23,10,1,-34,-40,-19,-11,31,-25,-30,-47,15,13,31,-42,-2,-18,42,36,12,-30,32,22,38,37,-12,-1,39,40,7,15,-43,34,29,29,-27,-17,-38,37,-6,5,-37,-36,-8,20,-32,-15,-27,-32,9,1,-33,1
-19,-11,-12,-28,-16,16,-20,12,-32,-8,3,24,-3,25,-27,21,20,13,11,16,-5,30,19,-5,20,-2,21,20,6,-20,16,-17,23,1,-3,-16,3,-18,20,-18,-15,-8,-13,-21,2,-22,-13,2,-18,-6,-10,-15,-9,7,-26,8,-21,-4,-1,14,-10,21,-14,4,4,11,7,28,-4,12,7,8,23,20,0,11,13,5,34,2,7,8,14,-4,32,-12,9,5,11,-9,13,-30,7,5,7,-18,-13,-34,5,-1,-4,-16,-30,-18,8,-1,-15,-14,-34,14,9,-4,-21,2,-20,29,3,-13,-18,17,7,39,-6,-12,-4,24,32,26,-16,-7,20,24,41,-4,-22,4,30,9,26,-31,-17,23,32,-17,-4,-44,9,25,5,-34,-29,-21,27,14,-21,-27,-38,8,31,-11,-37,-3,-13,32,14,-32,-27,24,16,26,-17,-29,4,34,22,17,-21,-14,15,23,1
-25,-3,9,10,-12,-11,-19,23,14,-4,-16,6,10,33,3,-14,-3,20,33,16,-7,-10,12,18,35,-11,-11,3,21,1,14,-30,-9,12,14,-14,-10,-35,4,12,3,-19,-25,-19,18,4,-9,-11,-32,8,13,-4,-16,-2,-20,23,9,-13,-13,6,6,32,1,-11,-2,15,22,20,-10,-11,4,13,28,2,-12,-6,11,8,23,-18,-14,2,13,0,16,-24,-8,8,12,-5,-3,-27,-4,14,6,-11,-18,-19,9,16,-2,-14,-26,0,21,8,-14,-8,-22,16,17,-7,-17,2,-11,23,5,-22,-11,8,6,22,-14,-23,-3,14,21,17,-25,-11,7,18,25,-2,-26,9,17,7,21,-25,-12,24,21,-10,0,-26,10,27,8,-17,-25,-21,24,5,-9,-18,-29,3,25,-19,-21,-3,-15,22,2,-31,-15,13,8,27,-22,-15,2,19,15,19,-23,-2,6,14,1
-7,-1,31,13,-12,-13,-11,10,37,-17,-23,0,4,23,14,-36,-13,21,16,15,-19,-34,5,22,21,4,-35,-13,20,13,16,-5,-37,20,27,-2,8,-23,-19,34,18,-19,-11,-27,5,36,2,-25,-25,-19,23,22,-16,-17,-32,1,30,3,-23,-6,-20,15,25,-22,-22,13,-12,31,9,-22,-8,16,11,25,-7,-28,3,20,33,11,-16,-22,12,15,29,6,-22,-13,15,8,29,-9,-24,6,18,-1,15,-26,-21,15,13,-9,-7,-33,-6,24,7,-17,-34,-27,-3,24,-3,-13,-38,1,16,21,-11,-11,-26,21,25,8,-15,-5,-11,43,26,-7,-15,8,13,35,17,-29,-13,19,42,20,5,-33,1,19,43,-10,-21,-27,15,17,23,-39,-37,-9,25,4,-8,-44,-31,20,18,-16,-40,-17,-7,36,-2,-22,-37,18,19,29,-15,-12,-21,27,25,15,-16,-4,0
-5,35,-11,-8,17,8,31,31,-18,4,22,-11,42,-7,-10,8,4,-27,28,-35,3,19,-16,-23,-8,-40,12,16,-29,0,-29,-26,23,1,-19,16,-39,3,19,-11,-2,27,-23,23,11,-26,20,17,-3,34,-5,-24,23,5,21,26,-21,-11,21,-16,28,8,-26,6,3,-25,27,-12,-11,18,-11,-18,14,-16,-2,28,-14,-3,1,-28,18,22,-21,4,-10,-25,18,14,-15,8,-16,-13,28,-1,-3,13,-25,-5,21,-18,1,14,-23,18,1,-24,15,12,-9,22,-15,-23,15,-2,1,28,-30,-12,10,-3,20,22,-30,8,10,-9,30,6,-17,24,2,-14,26,-16,3,32,-8,-12,15,-29,25,27,-15,-6,-12,-36,37,-1,-18,7,-32,-16,24,-28,-5,14,-33,11,1,-35,10,16,-14,36,-29,-22,20,5,15,30,-28,7,13,-12,22,19,-20,16,8,-12,0
-33,19,-8,8,-20,2,-2,42,-1,12,-7,22,31,25,5,11,10,21,42,-11,8,0,26,3,20,-35,9,-5,17,-16,-11,-35,5,-8,-1,-23,-38,-15,-3,-5,-17,-16,-35,15,-8,-7,-24,4,-18,32,-8,-2,-16,15,7,31,-9,6,1,17,29,16,-1,8,14,13,28,-9,0,8,19,-1,15,-19,9,7,12,-11,-5,-24,13,2,-1,-18,-11,-21,11,-5,-5,-13,-23,-4,10,-10,-14,-7,-17,6,-2,-17,-14,2,-12,14,-17,-14,-12,8,-3,22,-20,3,-6,12,7,13,-14,15,5,8,19,10,4,25,13,7,23,-4,18,16,17,-1,11,-15,29,3,9,-13,-2,-23,24,-22,-3,-22,-22,-16,1,-33,-19,-13,-25,3,-27,-22,-19,6,-18,22,-37,12,-10,19,6,29,-9,38,10,17,27,13,22,25,20,5,24,0,29,13,16,-5,0
24,14,-5,-13,6,-4,32,-16,-20,-2,2,-6,6,-32,-8,13,-6,1,-22,-23,7,16,-1,6,-34,6,20,6,6,7,-20,27,15,-8,2,-4,7,32,3,-16,4,-7,29,16,-13,-12,-6,-5,33,-4,-14,-3,-6,2,14,-27,-12,9,-11,5,-7,-30,-5,14,-1,8,-25,-17,7,14,6,9,-30,3,12,4,14,-4,-16,23,12,-5,13,-10,-8,29,12,-11,4,-15,14,27,0,-14,-11,-14,27,8,-12,-10,-19,-2,27,-13,-17,2,-14,15,11,-27,-11,11,3,21,-11,-25,2,16,17,12,-27,-14,12,11,20,-7,-28,12,18,-4,10,-16,-15,29,12,-14,-9,-18,8,37,-1,-20,-23,-2,33,17,-15,-12,-17,12,35,-18,-21,6,1,20,11,-39,-7,19,18,11,-31,-26,15,14,12,-8,-38,4,17,0,2,-12,-28,22,15,-9,-6,-9,0
22,-18,-3,-17,1,-2,1,-32,-14,-9,2,-4,-29,-22,-17,5,-3,-5,-34,1,-8,12,-1,0,-20,28,7,13,1,0,4,30,14,5,10,4,22,19,12,-6,7,-2,35,1,8,-15,3,-2,23,-22,-4,-11,0,-9,4,-29,-12,-9,-8,-6,-17,-26,-14,4,-7,3,-27,-12,-8,8,-6,9,-24,7,-2,13,0,18,-19,21,6,12,12,9,-9,27,10,9,13,4,13,26,16,1,14,-2,24,11,10,-10,9,-15,31,-4,6,-13,-9,-13,18,-22,-10,-14,-18,-7,2,-27,-14,-5,-18,11,-16,-22,-14,6,-8,16,-28,-9,-7,13,5,14,-28,9,2,16,17,6,-19,29,12,12,18,-7,4,38,21,3,4,-22,31,20,13,-16,-11,-15,39,-9,-5,-19,-14,-2,20,-34,-15,-12,-11,13,-13,-33,-15,4,0,9,-24,-25,-13,9,6,10,0
18,23,-12,2,-4,-2,39,-4,-11,18,-2,2,18,-30,9,20,-5,1,-6,-30,17,3,1,9,-33,-14,19,-12,0,9,-37,6,7,-20,8,-4,-20,26,-8,-17,7,-7,2,29,-17,-5,4,-14,18,24,-16,6,-10,-9,27,6,-10,12,-13,-3,27,-14,-2,16,-9,4,12,-26,11,12,-8,13,-4,-29,17,6,4,16,-22,-14,16,-8,11,20,-27,-12,12,-9,13,4,-29,5,2,-19,15,-11,-13,21,-10,-13,10,-17,2,27,-17,-5,-3,-19,15,19,-15,6,-17,-11,26,11,-8,15,-18,8,30,-4,-2,18,-10,22,18,-19,10,13,4,22,-1,-29,16,0,16,14,-21,-27,18,-11,23,-2,-33,-10,5,-17,15,-22,-32,22,-10,-18,-8,-19,-7,39,-19,-6,-18,-6,21,33,-14,10,-18,9,38,3,-2,19,-4,18,28,-13,6,15,1,12,0
9,30,-4,-2,3,-15,38,13,-2,2,-13,-14,28,-23,-1,3,-15,5,-2,-38,0,4,-8,16,-32,-21,3,5,10,17,-35,7,6,1,16,5,-20,26,5,-11,13,-11,8,33,-3,-3,2,-16,26,20,-7,1,-9,-12,31,-1,-10,3,-13,-5,24,-21,-2,10,-13,6,1,-24,-1,13,-3,11,-15,-22,9,11,2,14,-30,-3,9,0,13,7,-28,6,13,-5,17,4,-19,20,9,-18,13,-5,4,31,-3,-16,4,-16,21,20,-14,-14,-4,-16,26,7,-27,5,-13,-8,22,-18,-16,13,-16,2,11,-29,7,24,-11,16,-17,-26,20,19,6,22,-30,-13,31,-8,19,11,-33,10,18,-34,20,-4,-11,37,-13,-33,12,-24,22,33,-34,-8,-9,-24,44,6,-29,25,-28,-6,32,-33,5,36,-23,18,-8,-41,29,16,1,24,-25,-29,25,-5,11,15,1
-24,-11,12,5,12,11,-30,18,12,-7,22,-4,-4,35,3,-19,10,-21,21,25,-15,-16,-9,-20,34,3,-23,7,-22,-7,23,-23,-11,21,-18,15,0,-28,4,25,-3,22,-20,-23,23,12,14,19,-28,-4,26,-5,20,2,-23,13,16,-23,15,-9,-8,27,-5,-26,5,-18,10,25,-24,-17,-9,-16,22,14,-30,4,-16,-7,26,-5,-19,21,-14,5,21,-10,-12,30,-12,9,11,-23,11,31,-5,14,-6,-24,28,16,7,13,-22,-16,29,-7,13,6,-32,-1,16,-32,15,-3,-21,19,-5,-33,10,-12,-5,33,-29,-18,1,-18,18,33,-37,8,-9,-16,36,13,-22,30,-18,-5,38,-23,6,36,-19,12,11,-41,31,22,-4,22,-25,-36,35,-11,14,18,-47,-6,14,-38,23,0,-30,32,-19,-31,14,-18,7,42,-32,-2,-6,-21,23,30,-23,12,-14,-14,0
8,23,-4,9,1,12,31,4,5,6,15,8,24,-20,13,6,17,-7,-4,-31,9,-8,2,-17,-19,-17,2,-24,-13,-9,-26,2,-16,-10,-11,2,-15,22,-16,4,-7,13,6,26,-9,14,5,15,20,13,5,14,11,5,26,-2,17,8,11,-4,17,-17,17,-5,3,-8,2,-24,11,-19,-4,-9,-14,-20,-3,-20,-8,-4,-26,-3,-16,-10,-9,0,-25,8,-24,-9,-13,7,-18,21,-23,11,-7,8,8,25,-9,17,5,12,22,16,7,23,11,6,29,1,27,11,13,-2,25,-23,19,-15,10,-8,0,-35,8,-24,2,-15,-27,-24,-7,-25,-11,-14,-37,3,-25,-6,-17,1,-24,32,-26,13,-12,16,8,43,-1,26,-2,19,35,22,22,23,15,9,41,-17,31,-5,18,-8,6,-40,15,-22,4,-21,-28,-30,-15,-20,-13,-13,-32,-10,-20,-11,-15,-4,0
26,6,3,11,12,7,21,-20,14,10,18,-9,-2,-33,19,-6,5,-21,-22,-19,11,-18,-12,-16,-30,6,-7,-19,-21,0,-21,23,-21,-6,-15,13,2,32,-19,11,-1,20,22,19,-8,19,13,13,30,4,13,17,17,1,26,-14,23,4,11,-8,10,-28,20,-9,7,-16,-15,-28,8,-16,-7,-15,-26,-12,-2,-19,-15,-7,-30,5,-19,-14,-14,2,-26,15,-18,-6,-13,3,-10,24,-22,7,-5,9,10,27,-11,20,4,13,26,14,7,21,12,7,31,1,23,15,14,-1,21,-23,22,0,13,-11,2,-34,13,-20,5,-16,-20,-27,1,-23,-7,-15,-34,-8,-16,-19,-18,-6,-35,20,-26,-5,-20,8,-11,39,-23,18,-9,18,21,34,-4,30,11,19,42,7,21,20,24,7,30,-26,29,-3,19,-13,0,-38,17,-19,2,-24,-14,-29,1,-20,-7,-17,0
-34,5,7,-15,3,3,-15,36,-12,-17,4,1,23,35,-22,-2,6,-3,41,5,-12,16,-1,-8,29,-25,6,20,-9,-6,-4,-36,17,5,-8,3,-28,-27,21,-6,-5,9,-37,-3,8,-17,6,13,-26,22,-4,-18,6,7,-2,31,-14,-4,10,-4,22,23,-16,7,6,-1,29,5,-9,10,5,-6,25,-13,-2,13,-2,-9,10,-28,11,12,-7,-5,0,-27,11,7,-9,-5,-18,-19,13,-2,-13,2,-27,-5,9,-11,-3,10,-19,12,0,-15,4,18,-10,25,-9,-11,16,7,7,23,-14,-3,13,-6,21,12,-14,7,11,-15,25,-3,-4,17,-5,-19,20,-21,7,18,-20,-10,1,-30,18,7,-21,9,-18,-19,17,-8,-12,26,-28,4,2,-18,10,23,-22,26,-13,-17,23,4,7,31,-19,-3,14,-14,28,15,-13,15,-3,-20,27,2,-5,15,-7,-13,0
6,30,14,6,3,-3,34,11,13,-10,3,-5,30,-19,1,-19,-5,-6,1,-37,-18,-11,-8,1,-26,-27,-20,3,-1,6,-33,3,-7,18,0,10,-25,23,6,16,8,4,0,34,17,8,6,-3,19,24,14,-5,4,-8,30,3,6,-13,-1,-7,22,-16,-1,-14,-2,-7,8,-27,-10,-10,-6,-4,-11,-25,-13,-3,-7,0,-25,-13,-11,5,-4,4,-25,-4,-8,10,-4,9,-22,14,-1,13,1,10,-6,23,9,9,10,9,6,24,11,4,11,-5,19,12,11,-7,8,-12,25,0,6,-14,-4,-16,18,-16,-5,-14,-14,-11,6,-23,-11,-11,-18,2,-15,-22,-16,4,-13,11,-29,-5,-10,18,2,19,-26,13,4,16,17,12,-7,27,17,9,22,-5,19,26,19,-6,8,-17,32,8,9,-16,-13,-16,19,-19,-10,-14,-17,-2,10,-21,-10,-8,-16,6,0
-28,-1,4,-9,-4,-8,-23,40,-8,-25,-1,0,19,36,-21,-2,-7,6,40,5,-14,16,-3,6,27,-26,4,19,10,7,-2,-38,17,9,9,0,-27,-23,17,-7,8,-9,-34,4,6,-18,-1,-10,-23,27,-6,-15,-4,0,3,34,-15,-6,-4,4,23,19,-13,7,-3,3,26,1,-5,10,1,10,17,-19,3,13,1,13,1,-29,10,10,3,10,-9,-20,10,2,16,5,-22,-12,12,-3,15,-6,-25,5,7,-14,3,-19,-17,18,-2,-14,-10,-13,-4,25,-8,-10,-18,1,16,16,-16,3,-21,13,25,5,-8,13,0,22,25,-12,2,17,19,13,7,-27,15,12,27,-1,-19,-26,22,-7,16,-20,-35,-6,13,-20,-6,-26,-26,25,-9,-23,-25,-11,1,36,-23,-5,-25,15,32,21,-16,15,2,27,32,-11,2,22,19,12,22,-22,10,15,21,0,0
14,16,-4,22,1,20,32,-4,13,20,21,15,17,-25,28,-2,25,-6,-10,-28,17,-24,9,-25,-26,-14,-10,-32,-12,-28,-32,10,-27,-8,-26,-8,-14,25,-28,17,-22,13,8,30,-9,28,-10,23,27,15,17,24,13,19,28,-6,28,6,20,9,15,-24,27,-10,21,-8,-2,-31,10,-22,13,-18,-20,-20,-8,-28,-2,-21,-28,-2,-28,-19,-17,-18,-26,8,-28,-6,-20,-10,-18,22,-26,18,-25,4,6,29,-11,27,-16,20,18,16,14,36,1,26,25,5,29,9,17,16,22,-13,32,-14,27,2,10,-22,13,-35,22,-16,-8,-27,-12,-32,5,-29,-22,-16,-34,-17,-16,-26,-32,7,-34,11,-32,-8,-23,23,-13,39,-28,18,4,36,19,31,-6,34,31,25,36,3,22,27,34,-9,27,-24,33,-3,13,-27,-4,-35,12,-21,-1,-30,-16,-21,3,-23,1
13,-8,7,25,15,10,1,-17,32,12,23,-8,-19,-13,25,-17,5,-23,-19,8,7,-31,-15,-20,-6,21,-19,-26,-25,-2,12,20,-33,-5,-18,16,24,10,-26,20,-2,25,25,-13,-5,29,17,19,10,-27,14,24,25,3,-12,-26,27,8,20,-14,-23,-12,25,-8,8,-20,-27,4,14,-20,-5,-21,-17,17,-4,-25,-16,-10,1,32,-16,-18,-23,0,11,35,-18,-8,-18,7,31,15,-20,4,-10,17,34,-7,-10,15,3,19,21,-28,-4,19,14,15,-5,-37,9,14,21,-1,-34,-23,11,9,15,-10,-40,0,16,-3,7,-19,-26,30,13,-8,-6,-20,1,39,7,-18,-19,-11,28,29,-8,-17,-23,7,43,-2,-18,-14,-12,18,25,-30,-28,5,2,25,-5,-39,-14,21,21,15,-33,-21,8,23,21,-9,-31,14,21,10,7,-20,-19,20,23,-1,-2,-20,1
-29,-7,1,-4,-9,-12,-30,18,3,0,-17,-2,-2,34,-1,-1,-8,11,23,23,3,-6,7,13,35,-1,-2,1,14,5,22,-24,-7,-2,15,-6,-1,-32,-8,-3,7,-15,-19,-25,-5,7,-5,-13,-29,-3,-1,8,-10,-5,-23,19,0,4,-12,1,-7,27,6,4,-7,7,12,26,7,-3,0,12,26,12,5,-7,5,11,28,-6,-1,-10,10,5,23,-14,-3,-14,12,3,8,-27,-15,-7,12,-8,-12,-28,-14,5,4,-14,-33,-18,2,17,-9,-15,-24,7,7,22,-13,-2,-19,25,18,5,-15,6,0,31,18,-9,-9,14,23,25,4,-20,2,16,32,0,-9,-23,19,8,29,-23,-23,-7,19,-7,4,-36,-23,15,7,-19,-27,-29,-3,28,-11,-23,-39,1,16,17,-20,-5,-25,29,26,-6,-17,14,10,37,9,-23,2,21,21,24,0,-21,9,14,1
-28,-8,9,8,-3,6,-25,18,15,-6,-6,9,-1,36,10,-16,3,9,25,24,-7,-17,10,4,35,-5,-19,-5,9,-6,20,-27,-15,11,5,-14,-5,-31,-1,18,-5,-14,-27,-21,12,16,-14,-6,-31,3,18,0,-14,7,-21,20,14,-11,-8,16,-1,30,3,-16,5,13,19,24,-7,-14,11,9,26,6,-14,-4,16,-2,28,-13,-14,3,9,-10,17,-18,-8,9,7,-16,0,-25,-3,13,-4,-15,-15,-23,5,13,-15,-7,-25,-6,12,6,-18,1,-22,12,13,-4,-15,12,-12,21,8,-10,3,20,4,24,-1,-11,12,13,20,20,-9,-12,19,2,27,3,-12,-6,17,-9,24,-20,-14,10,6,-20,3,-32,-6,15,-12,-19,-22,-26,10,17,-23,-4,-37,0,20,3,-18,17,-23,27,14,-11,4,22,8,35,-2,-19,18,9,19,23,-8,-13,15,2,1
24,-17,2,2,13,0,-3,-34,5,-6,9,-15,-33,-22,-1,-5,-7,-18,-34,11,-12,-5,-18,-6,-13,37,-6,1,-16,11,17,31,-5,12,0,21,32,8,6,10,15,13,29,-14,15,-1,18,1,9,-33,9,-5,12,-12,-11,-31,-2,-10,4,-16,-26,-12,-11,-11,-9,-12,-29,4,-14,-1,-15,-7,-16,23,-13,6,-14,3,4,30,-4,13,-9,15,10,25,3,19,-4,15,26,11,14,13,8,15,25,-7,23,-4,15,6,16,-23,14,-24,17,-8,-6,-28,-4,-22,6,-19,-20,-16,-21,-16,-7,-17,-29,1,-26,6,-19,-8,-21,17,-15,27,-18,8,-4,31,8,31,-10,21,17,28,28,12,7,22,35,6,31,-18,24,7,27,-23,5,-38,21,-14,-6,-36,-18,-24,1,-29,-29,-21,-33,1,-17,-17,-33,7,-11,26,-22,4,-22,20,2,24,-15,12,0
-25,14,3,-5,-14,-4,-2,36,-3,-4,-14,13,29,24,-7,0,5,20,39,-8,-1,4,19,8,14,-35,3,8,16,-13,-14,-32,11,-1,2,-18,-31,-11,8,-11,-11,-14,-30,14,-7,-10,-17,-1,-8,28,-11,-9,-11,13,14,28,-10,1,0,15,28,9,-8,9,11,10,26,-10,1,14,12,2,10,-26,9,13,11,-9,-10,-24,19,0,1,-15,-17,-20,18,-5,-2,-16,-27,-6,10,-21,-12,-11,-22,14,-7,-24,-17,-3,-10,26,-25,-4,-13,12,11,28,-24,13,-3,21,25,11,-10,24,11,16,28,-10,16,20,20,1,12,-26,28,6,15,-15,-8,-30,26,-17,4,-23,-29,-15,2,-32,-19,-17,-31,7,-26,-24,-23,2,-16,30,-32,7,-14,18,19,29,-14,28,8,24,34,7,20,27,23,5,28,-20,28,-2,19,-10,10,-27,22,-12,9,-17,0
-10,30,-11,9,-1,-4,19,30,-1,17,-2,4,36,0,18,9,5,8,26,-27,17,-8,1,-2,-6,-38,8,-19,5,-5,-26,-23,-9,-18,-9,-13,-35,3,-17,-5,-12,0,-21,24,-16,7,-10,5,0,32,-6,15,0,8,23,22,5,15,3,10,29,3,13,7,14,3,22,-15,11,-4,11,-6,12,-26,11,-7,6,-15,-12,-26,1,-17,-5,-19,-22,-21,-4,-15,-7,-15,-27,-1,-13,-7,-20,-4,-20,13,-16,2,-23,14,-12,27,-14,11,-4,24,10,28,-1,18,18,17,24,12,13,15,27,8,31,-6,20,3,21,-15,16,-23,13,-15,3,-30,-2,-33,3,-22,-18,-22,-22,-22,-11,-19,-31,-9,-37,0,-23,-4,-25,19,-25,27,-18,15,-1,31,5,36,1,23,24,21,33,24,18,17,29,-10,32,-11,20,-5,11,-26,21,-21,15,-12,-1,-23,0
-29,-16,-7,-2,-15,4,-34,10,4,2,-5,16,-8,35,4,-1,12,13,22,27,2,-4,16,-4,38,1,0,-8,12,-17,25,-24,-12,-2,-4,-20,0,-29,-7,15,-16,-6,-20,-24,6,12,-15,4,-28,-5,11,3,-8,9,-24,18,10,-3,2,12,-5,29,8,-11,11,9,14,23,-4,-14,10,1,29,9,-13,-9,12,-10,28,-12,-18,5,3,-16,21,-21,-17,10,-3,-17,-1,-32,-3,18,-16,-10,-17,-21,18,21,-18,5,-29,-4,25,5,-11,16,-24,18,22,-18,4,20,-10,26,1,-31,15,14,15,30,-17,-20,22,1,28,15,-34,1,15,-16,32,-11,-24,25,0,-24,14,-35,2,33,-21,-16,-13,-31,27,23,-25,5,-37,-8,33,-6,-13,25,-34,24,13,-37,14,27,-4,35,-22,-25,22,3,29,26,-30,3,18,-16,34,10,-20,16,7,-18,0
-28,13,-2,1,-1,13,-6,36,2,-1,11,12,27,30,0,2,17,-6,39,0,-1,2,8,-17,26,-28,1,3,-5,-18,-3,-40,5,4,-17,-9,-26,-24,5,-6,-15,6,-30,1,8,-11,-7,15,-25,22,-4,-7,4,15,-2,30,-11,-5,14,7,19,22,-11,1,13,-5,28,8,-7,10,9,-11,28,-15,-1,13,2,-16,15,-28,9,10,-7,-14,2,-31,15,7,-16,-12,-16,-27,14,-8,-17,0,-25,-11,12,-23,-16,10,-27,10,-11,-23,-1,18,-17,30,-23,-6,10,17,7,27,-27,11,21,4,27,20,-12,24,21,-10,32,-3,12,30,5,-23,25,-25,28,15,-12,-22,0,-37,30,-11,-26,-5,-25,-25,15,-33,-25,13,-39,2,-19,-28,-4,25,-30,27,-41,-4,17,20,7,38,-27,28,30,-3,30,22,9,36,15,-20,32,5,20,16,2,-18,0
-28,13,-2,-4,13,-1,-5,39,1,2,14,-15,26,27,-4,-5,-6,-18,36,-2,-5,-1,-15,-8,24,-26,-3,5,-15,6,-8,-33,-3,9,-3,19,-23,-24,6,4,4,12,-34,2,10,-2,18,5,-26,22,7,-8,16,-6,-2,30,3,-10,5,-13,21,25,-2,-9,-5,-14,22,11,-14,-8,-6,-9,26,-16,-11,-2,-16,-1,11,-25,-11,11,-13,8,6,-30,-4,10,-12,8,-18,-25,5,15,1,17,-26,-8,18,13,12,15,-28,9,22,-7,19,4,-17,22,12,-21,17,-7,5,27,-7,-27,5,-19,24,21,-22,-11,-9,-22,29,3,-31,6,-22,-11,24,-21,-13,29,-21,11,8,-33,10,30,-10,22,-21,-30,29,12,10,23,-35,-10,31,-15,23,11,-31,19,8,-31,22,-9,-3,40,-25,-22,4,-26,29,23,-26,6,-17,-15,32,10,-19,15,-20,-8,0
27,-1,3,-3,-5,11,11,-32,0,-10,15,15,-16,-34,-4,-1,16,3,-35,-6,-6,6,12,-15,-21,26,-4,13,-7,-17,0,37,9,2,-16,-9,30,27,4,-3,-19,4,39,-7,3,-6,-7,18,18,-30,-3,-11,8,14,-10,-37,-6,-3,17,6,-26,-18,-11,6,13,-6,-32,8,-4,11,5,-15,-17,25,7,10,-6,-12,4,27,16,5,-13,-4,15,24,20,1,-15,-1,30,8,10,-11,-12,8,23,-12,-2,-22,-3,15,9,-24,-19,-12,9,14,-8,-25,-23,7,16,3,-26,-9,-13,21,14,-11,-28,10,8,23,4,-22,-17,19,33,12,-10,-19,4,29,30,-13,-22,-5,24,15,10,-32,-18,16,30,-6,-23,-29,-1,23,17,-33,-34,1,20,20,-13,-32,-16,28,24,-8,-36,-7,14,29,11,-24,-24,18,33,4,-16,-16,-15,27,28,-15,-18,-10,1
-1,26,-6,-5,-10,3,24,21,-11,-1,-1,9,33,-7,-8,9,10,6,15,-30,4,14,7,-4,-12,-28,14,7,-6,-10,-33,-8,13,-8,-8,-5,-28,12,4,-16,-4,6,-9,29,-9,-13,-4,8,12,27,-14,-4,2,6,22,11,-11,3,6,1,25,-8,-5,10,8,0,12,-19,1,9,4,-9,-2,-23,7,7,-3,-8,-17,-17,14,2,-10,-3,-22,-9,14,-5,-12,1,-22,8,6,-11,-7,7,-11,16,-3,-11,3,14,0,20,-8,-9,11,7,15,17,-15,0,12,-4,19,7,-12,10,6,-16,22,-8,-3,17,-7,-18,9,-26,13,16,-14,-11,-7,-30,21,6,-17,5,-27,-15,17,-16,-4,21,-32,7,0,-19,14,16,-18,33,-18,-18,20,-1,13,34,-24,3,13,-19,38,10,-11,22,-7,-16,28,-22,10,21,-16,-3,12,-26,16,10,-16,3,0
-27,15,4,-10,-8,10,-7,33,-7,-13,6,10,22,26,-12,-3,9,0,32,-6,-7,11,3,-11,20,-28,2,14,-4,-7,-6,-30,12,6,-9,-1,-28,-18,15,-5,-5,5,-29,4,7,-9,1,4,-16,24,-3,-12,3,6,2,27,-8,-7,7,0,18,19,-11,-1,2,-5,26,2,-10,8,-1,-8,18,-15,0,12,-9,-5,5,-22,8,10,-10,5,-3,-23,9,8,-6,6,-15,-15,12,1,-1,10,-20,-4,10,-7,7,8,-16,9,3,-12,15,1,-6,22,-9,-13,9,-8,3,23,-15,-5,-3,-12,22,14,-17,9,-12,-9,26,-1,-10,17,-15,1,21,-23,7,22,-12,8,3,-32,20,10,3,21,-22,-27,22,-10,20,6,-34,2,6,-22,19,-6,-21,26,-16,-17,7,-21,10,37,-25,0,-14,-15,30,15,-12,18,-18,2,31,-1,-4,19,-9,7,0
-29,-21,14,1,4,-12,-38,12,10,-13,-8,-12,-10,42,-6,-17,-12,1,31,31,-19,-3,-4,16,41,-3,-11,8,4,12,24,-32,1,15,9,6,-9,-37,13,8,7,-6,-29,-16,11,-5,-1,-5,-31,9,5,-11,-2,-3,-15,26,-2,-12,-8,0,11,28,-8,-6,-9,7,26,13,-11,1,3,13,24,-6,-8,6,10,2,13,-18,-1,12,5,-11,7,-22,1,13,5,-9,-11,-20,11,7,-6,-11,-19,-8,14,-1,-13,-3,-20,5,11,-11,-10,10,-14,16,-2,-16,5,14,2,25,-15,-13,10,7,19,19,-22,2,14,-4,29,3,-12,17,2,-15,24,-20,5,23,-13,-13,1,-36,22,12,-16,0,-29,-29,27,-13,-4,18,-34,9,4,-27,5,19,-20,38,-22,-19,18,1,20,38,-27,5,9,-16,40,5,-8,24,-7,-13,33,-10,3,22,-13,-8,0
23,-9,9,11,3,-9,12,-24,15,3,-2,-6,-16,-26,11,-17,-11,-4,-29,-5,-8,-18,-10,4,-25,19,-19,-8,-3,14,-2,29,-14,13,9,10,20,26,-6,19,14,4,28,6,10,14,12,-6,26,-11,9,5,3,-9,8,-26,18,-10,-3,-10,-11,-25,1,-23,-10,-7,-24,-12,-12,-18,-10,1,-23,4,-19,1,-9,6,-17,18,-18,16,-4,13,-14,26,-11,17,1,17,10,23,10,24,12,11,18,17,20,7,17,4,25,2,20,-13,14,-13,22,-14,5,-20,3,-16,9,-24,-13,-19,-10,-19,-10,-27,-24,-3,-22,-6,-24,-14,-16,15,-17,11,-34,3,2,25,-10,26,-22,28,21,19,13,25,3,37,24,-1,26,9,30,20,19,-20,24,-18,41,-2,-14,-24,6,-27,19,-36,-24,-4,-21,-20,-12,-36,-20,15,-26,5,-26,-24,-6,15,-20,12,0
-9,28,-2,20,3,11,22,27,15,14,13,2,34,-4,20,-10,11,-9,13,-28,-1,-19,-2,-12,-15,-29,-16,-12,-12,-3,-30,-6,-18,11,-11,7,-27,20,-9,22,-4,14,-7,28,8,16,6,10,20,22,21,2,12,1,27,1,15,-17,9,-8,23,-17,-1,-17,4,-11,2,-24,-21,-9,-4,-11,-16,-16,-20,9,-9,-2,-25,-3,-6,23,-13,6,-23,6,3,27,-11,8,-11,23,23,11,3,16,3,21,22,-15,11,13,16,14,3,-24,13,2,22,1,-22,-20,12,-12,18,-18,-25,2,-2,-21,3,-24,-16,23,-14,-16,-19,-19,7,28,-25,4,-26,-5,29,7,-13,18,-26,20,24,-22,8,25,1,32,0,-31,24,11,30,22,-22,-14,25,-16,40,-11,-24,16,-1,-32,15,-32,4,30,-22,-13,-23,-31,24,10,-25,14,-30,-14,21,-1,-13,18,0
-19,13,16,6,6,-9,1,31,21,-9,-9,-13,23,23,8,-16,-13,-3,30,-5,-10,-17,-8,9,16,-26,-18,2,1,15,-12,-32,-16,15,15,10,-27,-14,2,20,13,-3,-31,5,10,13,9,-9,-15,23,15,-7,-3,-13,8,29,12,-17,-11,-8,22,19,-4,-19,-13,-2,24,-1,-20,-7,-9,9,18,-16,-17,9,-3,12,2,-22,-4,26,6,12,-8,-25,1,25,10,12,-21,-13,22,14,16,2,-25,2,25,-8,14,-11,-21,17,12,-23,7,-21,-8,26,-16,-23,-13,-20,15,26,-24,-7,-25,-7,24,10,-24,20,-21,12,27,-8,0,28,-8,22,19,-29,20,17,13,25,-11,-34,28,-3,29,4,-34,-18,12,-26,23,-19,-37,12,-13,-26,1,-29,-18,34,-33,-2,-22,-19,19,37,-17,23,-30,5,38,6,11,23,-9,26,32,-7,19,14,1,21,0
3,-31,14,9,4,-6,-30,-21,15,-7,-4,-4,-37,15,1,-20,-8,3,-8,38,-18,-11,-4,7,19,27,-16,7,0,10,37,3,-8,20,9,5,25,-23,9,16,8,1,-1,-32,17,3,4,-5,-23,-22,15,-10,-1,-8,-28,1,1,-16,-4,-8,-21,20,-9,-11,-9,-2,-3,29,-13,-2,-5,6,17,20,-10,8,-5,6,26,4,-4,11,0,10,24,-5,1,12,1,13,15,-22,10,8,10,3,-1,-26,12,5,14,-4,-21,-16,11,-9,7,-16,-26,1,3,-15,-7,-17,-18,17,-7,-11,-18,-8,-3,28,-13,-5,-15,10,17,24,-16,6,-6,22,27,7,-7,14,12,21,27,-22,8,18,23,2,4,-31,18,4,19,-18,-23,-26,18,-10,-2,-24,-36,4,-1,-21,-23,-12,-16,27,-17,-11,-22,6,13,28,-18,5,-5,20,23,19,-12,10,7,16,1
29,0,-10,-4,-5,5,19,-31,-12,8,6,8,-14,-35,-1,15,10,0,-38,-10,15,13,7,-9,-28,23,14,-6,-4,-9,-2,39,7,-15,-10,-4,26,27,-6,-12,-8,5,36,1,-14,-4,-5,14,20,-25,-12,9,2,8,0,-32,-1,10,12,3,-19,-22,4,9,12,0,-32,2,11,5,2,-3,-24,20,9,-2,1,-7,-2,32,7,-11,-4,-6,9,28,2,-11,-5,-6,26,13,-7,-11,-9,-5,32,-7,-11,-5,-5,6,16,-27,-12,6,-5,10,-5,-33,-5,12,7,9,-26,-18,4,13,9,5,-33,3,14,8,12,-7,-20,25,16,-6,5,-15,4,38,8,-18,-9,-14,28,17,-9,-17,-17,-10,36,-4,-19,-7,-18,14,16,-33,-16,13,-2,18,-16,-32,1,21,15,13,-35,-7,17,10,20,-7,-22,20,16,-6,6,-18,-12,26,12,-11,-5,-14,1
-8,22,-7,-9,3,-6,20,29,-16,-2,-7,2,31,-5,-10,19,-5,-2,15,-25,8,17,-3,5,-14,-29,20,3,2,4,-29,-11,13,-14,6,-2,-24,12,-1,-18,7,-4,-8,25,-15,-11,1,-7,7,24,-17,-1,-7,-8,25,8,-12,15,-8,-5,19,-9,3,16,-10,2,9,-21,12,11,-6,10,-4,-25,15,3,2,8,-14,-14,8,-7,14,11,-26,-5,8,-15,10,5,-18,12,-7,-14,17,-6,-7,25,-14,-9,5,-14,10,23,-16,4,-11,-17,19,12,-12,14,-27,-6,26,-5,-1,18,-21,16,16,-25,15,13,-1,25,-5,-27,20,-2,19,22,-28,-19,15,-16,26,-2,-36,13,-4,-26,16,-23,-13,35,-23,-14,-6,-29,15,36,-23,11,-33,-10,37,12,-8,23,-30,19,29,-28,17,20,1,30,-5,-33,22,-5,25,17,-20,-28,19,-10,25,1,1
3,28,-12,-2,7,2,32,19,-10,11,11,-10,32,-14,4,14,2,-14,8,-36,15,5,-7,-8,-24,-32,15,-8,-12,2,-35,-7,2,-14,-12,13,-31,18,-8,-13,1,16,-9,35,-14,-6,9,7,15,31,-10,5,15,-1,31,12,-4,11,10,-10,33,-16,4,14,-3,-9,13,-28,8,4,-7,-4,-4,-29,8,1,-10,-2,-25,-18,9,-7,-7,1,-27,-11,5,-7,-9,6,-29,9,3,-11,-2,8,-14,26,-5,-8,2,7,6,28,-10,-4,6,7,20,16,-10,2,11,3,28,3,-5,10,7,-7,24,-15,1,13,2,-12,5,-28,11,10,-3,-10,-11,-25,14,0,-12,-5,-28,-11,11,-11,-12,5,-28,12,-1,-16,-8,11,-14,27,-10,-11,7,15,12,26,-14,1,15,5,29,10,-9,14,14,-6,19,-15,5,13,5,-14,12,-20,9,10,-4,-13,1
3,28,-4,-5,6,-12,33,15,-4,-1,-11,-15,28,-20,-11,2,-21,3,2,-35,-2,9,-12,17,-23,-26,9,7,6,20,-36,2,13,-1,21,9,-22,24,8,-11,18,-8,4,31,0,-15,3,-20,22,20,-13,-12,-9,-15,30,-3,-17,4,-17,-3,19,-21,-11,15,-12,8,-1,-30,6,14,-2,15,-18,-22,19,9,8,14,-30,-4,22,-6,18,5,-27,10,16,-11,17,-2,-14,26,2,-19,11,-11,6,29,-14,-20,1,-19,20,16,-27,-4,-11,-11,30,-2,-19,18,-16,-4,16,-19,-2,27,-11,11,5,-31,24,19,-4,17,-22,-23,26,-3,11,16,-29,-3,17,-22,17,3,-26,19,-7,-29,11,-11,0,36,-25,-9,2,-19,28,25,-22,14,-14,-13,38,-9,-4,24,-21,3,17,-34,18,16,-9,17,-18,-32,18,-5,7,16,-28,-18,12,-12,13,9,0
20,18,1,2,-2,-15,34,-7,7,-1,-19,-8,16,-27,-4,-10,-12,10,-13,-28,-4,-9,1,18,-31,-9,-10,-2,13,12,-25,20,-9,4,19,-5,-5,30,-3,13,10,-17,15,26,9,10,-5,-18,29,6,14,2,-17,-7,25,-16,10,-8,-15,5,11,-28,2,-16,-9,15,-11,-22,-5,-15,3,13,-23,-16,-16,1,11,11,-25,6,-15,7,13,1,-23,12,-10,14,12,-4,-9,27,4,21,8,-13,13,22,17,16,-6,-13,22,14,24,-4,-11,-9,26,-8,12,-16,-15,2,15,-25,-3,-22,-11,11,-1,-25,-20,-16,-1,14,-20,-19,-24,2,9,12,-26,-1,-15,18,15,1,-24,22,3,21,16,-10,3,30,17,14,1,-19,26,24,18,-9,-11,-15,36,-4,8,-20,-19,0,18,-31,-13,-14,-11,12,-10,-34,-18,4,3,15,-23,-20,-11,7,9,10,0
29,12,-7,-14,1,1,29,-21,-20,0,5,2,-5,-37,-10,18,8,-2,-32,-24,6,20,-1,-4,-34,11,20,6,-6,-6,-15,34,16,-11,-7,-1,13,33,4,-20,-3,9,33,13,-13,-15,4,10,33,-13,-19,-2,9,2,15,-29,-14,10,9,-6,-10,-32,-3,16,2,-10,-27,-14,10,12,-6,-10,-32,8,17,4,-12,-1,-18,25,15,-8,-12,9,-6,29,11,-12,-10,13,17,25,1,-16,1,15,29,8,-11,-11,13,10,27,-13,-19,1,20,-6,13,-25,-14,11,8,-21,-6,-24,-3,15,-8,-22,-26,-16,11,15,-20,-4,-28,4,16,3,-19,12,-19,23,15,-10,-3,20,4,33,2,-20,11,16,25,22,-10,-16,23,0,34,-5,-19,-1,11,-17,21,-31,-14,15,-6,-19,-13,-33,2,18,-15,-8,-36,-12,18,9,-13,9,-30,6,16,-1,-7,12,0
-27,-5,2,-1,9,9,-22,24,-4,-4,17,1,6,34,-4,4,11,-17,29,12,1,6,-9,-14,30,-16,5,4,-17,-3,8,-32,7,-2,-13,11,-17,-25,1,-9,1,16,-26,-9,-12,-7,12,11,-24,16,-11,1,18,-2,-4,26,-10,9,9,-12,14,24,6,11,-5,-16,24,8,12,11,-11,-10,22,-9,19,-8,-14,2,11,-22,11,-17,-11,9,0,-26,1,-23,-4,18,-17,-22,-15,-13,5,14,-25,-9,-25,2,12,11,-24,16,-14,24,18,-7,-7,27,6,25,10,-15,12,24,27,15,-9,-18,31,11,25,-13,-17,-9,32,-10,7,-28,-20,4,15,-31,-15,-24,-9,17,-11,-37,-33,1,6,20,-37,-16,-19,28,18,9,-35,21,9,26,17,-10,-11,40,30,12,5,-19,32,30,21,-17,-17,-14,42,-6,-8,-23,-18,3,30,-22,-13,-16,-14,9,0
-5,-31,-21,3,2,14,-25,-21,-18,15,13,6,-33,7,-3,21,17,-3,-20,34,16,13,12,-14,6,37,23,-4,-2,-15,25,24,21,-15,-12,-9,34,2,7,-20,-18,0,26,-21,-7,-19,-14,13,10,-29,-17,-11,-4,15,-7,-25,-23,-2,8,11,-23,-17,-17,13,13,6,-27,-4,-7,23,12,-4,-19,11,0,21,8,-9,-11,19,8,14,2,-13,-9,24,21,7,-2,-8,6,25,25,-2,-4,-10,19,14,14,-10,-9,-4,26,2,4,-18,-11,1,24,-13,-7,-22,-10,8,15,-19,-17,-15,-5,7,-1,-19,-19,-9,4,9,-12,-22,-21,8,8,7,-28,-14,-13,26,14,4,-33,4,9,28,13,-5,-19,28,23,15,6,-14,2,35,30,-4,-5,-16,27,24,16,-20,-15,-9,32,2,-2,-29,-13,2,24,-23,-22,-16,-7,12,13,-29,-24,-2,-3,12,0
18,-21,-10,18,9,6,-12,-36,11,23,13,-2,-38,-9,24,8,4,-16,-29,23,18,-14,-8,-11,1,36,-1,-26,-14,5,28,20,-13,-13,-8,12,34,-6,-21,3,5,14,20,-25,-15,20,10,4,-8,-31,5,22,13,-7,-24,-15,17,12,3,-13,-26,6,18,-2,-5,-11,-15,22,13,-16,-10,-4,3,27,-2,-20,-11,4,19,18,-14,-15,-3,9,22,11,-17,-8,0,7,24,-9,-17,4,6,7,10,-22,-11,15,8,2,-6,-25,2,21,7,-4,-25,-12,15,12,6,-9,-27,3,23,1,-2,-12,-19,23,15,-18,-11,-7,3,30,1,-26,-14,2,26,21,-21,-16,-8,13,35,-4,-29,3,4,16,18,-30,-13,26,15,4,-11,-34,11,27,14,-9,-35,-12,31,8,0,-14,-32,18,25,-19,-12,-10,1,34,-4,-24,-14,3,12,28,-17,-19,-8,6,0
30,-15,-1,-7,-1,-15,7,-37,-10,-10,-15,-8,-29,-29,-12,1,-17,7,-39,6,-8,8,-4,20,-22,33,3,13,11,15,11,36,10,9,20,0,31,17,15,1,12,-12,35,-10,7,-8,1,-18,18,-30,-4,-11,-11,-11,-10,-32,-6,-10,-19,-1,-24,-17,-15,-2,-11,12,-26,3,-13,7,-1,14,-22,19,1,14,7,11,-2,28,6,13,14,4,6,26,10,13,14,1,23,17,14,1,13,-6,23,1,18,-10,3,-11,20,-17,4,-17,-6,-13,7,-25,-8,-19,-13,-8,-12,-24,-22,-8,-15,3,-24,-12,-24,12,-8,13,-28,6,-9,23,2,16,-18,27,10,25,14,13,8,33,27,10,21,-4,30,18,25,-13,11,-17,35,-10,8,-30,-6,-21,16,-34,-20,-24,-22,-9,-17,-35,-29,4,-18,8,-35,-9,-12,24,-3,20,-28,5,-4,23,4,15,0
22,-24,0,-7,-8,-14,-9,-38,-9,-4,-17,-1,-36,-10,-8,0,-14,14,-29,22,-6,9,7,19,0,34,2,13,16,6,26,23,12,3,13,-11,31,-1,15,-9,-1,-15,20,-26,3,-13,-11,-13,-4,-30,-9,-10,-14,1,-23,-17,-11,-4,-9,10,-27,3,-9,5,1,12,-12,18,-10,12,9,8,3,29,4,6,12,0,15,19,13,4,6,-6,23,12,12,4,7,-7,24,-7,11,-6,-1,-11,12,-19,7,-15,-6,-8,0,-23,-9,-18,-7,-5,-16,-18,-20,-6,-8,2,-26,-1,-19,9,-5,11,-23,19,-3,19,5,12,-6,32,12,18,13,9,21,29,23,3,17,-5,38,2,16,-15,7,-19,30,-30,2,-26,-12,-19,-3,-41,-22,-21,-23,-4,-39,-23,-26,10,-16,17,-45,16,-5,30,4,23,-2,40,14,16,22,7,11,35,24,6,19,-2,0
-16,30,0,4,-14,9,16,32,8,8,-1,20,36,5,11,4,19,10,25,-23,12,-7,18,-7,0,-38,0,-10,7,-19,-24,-22,-9,-6,-10,-14,-31,-3,-16,6,-16,-4,-26,22,-5,11,-17,8,-5,26,1,13,-3,13,15,25,9,7,7,12,25,8,11,1,11,5,25,-10,10,-8,13,-5,11,-25,6,-11,9,-11,-5,-24,-3,-16,0,-12,-10,-19,-11,-16,-4,-10,-25,-12,-16,-3,-9,-9,-21,3,-20,9,-11,-2,-13,19,-8,20,-10,9,1,26,11,16,-2,13,15,21,19,7,5,9,26,7,25,-6,11,8,31,-15,8,-22,18,-2,14,-34,-9,-25,13,-16,-15,-34,-21,-16,-2,-19,-39,-14,-28,10,-19,-12,-37,21,-9,28,-23,8,-9,41,16,28,-8,22,28,36,31,-2,12,21,46,2,14,-26,24,4,31,-17,4,-23,17,-7,0
26,-6,4,5,2,-11,12,-32,3,3,-12,-14,-15,-27,6,-7,-16,3,-31,-7,-2,-13,-8,15,-21,18,-7,-9,8,17,-7,31,-9,4,13,7,18,22,-8,6,16,-7,27,5,-1,11,4,-14,24,-11,7,5,-1,-11,6,-21,10,5,-11,-4,-7,-23,9,-6,-10,2,-21,-10,6,-9,-6,9,-21,4,-2,-12,-1,11,-15,16,-11,-8,7,8,-13,16,-17,-1,6,6,4,20,-13,2,8,2,15,11,-9,14,7,-6,23,2,5,16,5,-11,19,-9,15,12,-3,-10,9,-22,19,-4,-7,-7,-6,-24,13,-17,-12,-2,-25,-16,-5,-21,-12,10,-28,3,-17,-19,-4,15,-20,25,-27,-4,12,15,4,37,-15,22,20,4,29,20,4,29,16,-15,38,-11,25,12,-3,-20,15,-34,24,-12,-17,-13,-19,-36,3,-24,-22,7,-26,-20,-9,-20,-10,12,0
2,32,9,-16,3,7,31,18,-10,-14,8,3,35,-17,-22,-4,8,-4,8,-35,-12,16,0,-15,-24,-28,5,22,-8,-10,-35,1,18,9,-11,0,-23,23,16,-6,-5,9,1,30,4,-15,6,11,19,21,-6,-14,8,10,26,1,-15,-3,15,1,19,-20,-14,9,6,-6,2,-23,-3,12,2,-14,-15,-22,5,13,-7,-9,-20,-1,11,4,-12,-4,-23,3,13,4,-11,1,-17,18,11,-6,-11,10,-1,19,4,-12,2,20,20,17,-9,-14,16,13,21,5,-13,-6,22,-2,19,-10,-14,2,14,-13,9,-22,-9,13,-4,-22,-10,-24,3,15,-19,-15,-24,-13,13,12,-23,3,-31,10,21,-5,-16,25,-15,34,14,-20,10,26,12,33,-6,-22,30,11,34,9,-20,-7,29,-17,29,-22,-17,12,-2,-29,-7,-37,2,22,-19,-13,-15,-26,7,13,-22,-2,0
-28,12,4,13,2,-16,-5,39,14,7,-17,-18,32,30,9,-9,-24,4,44,-7,-2,-13,-13,25,18,-35,-14,-13,12,23,-17,-34,-20,-1,26,4,-37,-11,-8,15,19,-15,-31,18,3,19,-1,-25,-12,30,19,7,-15,-16,15,31,17,-5,-24,-1,30,10,10,-20,-16,17,29,-13,-4,-21,-1,24,13,-29,-21,-10,16,17,-11,-31,-21,7,24,2,-21,-17,-24,12,18,-10,-27,1,-7,27,8,-21,-17,18,11,23,-6,-19,-5,18,34,4,-18,-6,10,19,23,-19,-20,5,20,8,3,-28,-7,16,22,-11,-20,-22,6,21,13,-21,-28,1,16,12,-4,-28,-19,22,22,-2,-22,-16,-1,32,13,-17,-29,3,26,23,-3,-21,-17,25,35,-5,-18,-12,8,35,11,-33,-23,7,34,11,-19,-26,-8,20,24,-17,-30,-3,14,15,12,-23,-23,12,15,7,0
-31,-8,-9,-12,6,-3,-27,29,-19,0,2,-6,9,37,-7,18,-5,-11,37,15,11,15,-10,1,32,-21,19,0,-9,10,4,-37,12,-16,1,16,-27,-26,-5,-22,13,9,-35,0,-19,-8,15,-7,-22,27,-19,10,6,-17,2,33,-5,18,-7,-14,22,19,9,14,-17,-6,31,2,14,6,-14,16,22,-22,14,-7,-2,17,-1,-27,5,-14,8,16,-11,-27,-1,-15,15,10,-29,-13,-9,-10,12,-6,-30,11,-17,-1,8,-13,-12,25,-9,10,-6,-14,7,26,-1,14,-13,-8,26,16,10,13,-15,3,31,-9,17,3,-8,13,13,-25,12,-11,4,17,-6,-31,2,-16,18,8,-30,-16,-13,-15,14,-6,-34,13,-21,0,9,-15,-12,33,-11,14,-9,-16,20,31,4,21,-19,-2,35,3,16,7,-11,16,23,-24,15,-8,4,14,9,-30,9,-14,11,8,0
32,-7,13,9,-2,1,15,-32,17,-7,-4,9,-19,-34,3,-19,6,9,-37,-9,-13,-16,13,-2,-28,23,-19,2,10,-11,-1,35,-12,16,0,-14,21,27,1,19,-15,-10,34,6,16,12,-14,4,26,-18,19,-2,-11,13,6,-32,12,-16,3,15,-16,-29,-2,-19,12,8,-23,-8,-11,-11,19,4,-25,8,-16,-2,10,-11,-17,23,-14,7,-1,-14,-5,27,-10,13,-2,-13,11,23,1,15,-14,-11,23,10,11,11,-17,-3,25,-4,13,2,-13,15,17,-19,12,-8,-2,18,-2,-28,6,-15,8,12,-18,-22,-5,-16,19,1,-27,-7,-12,-10,16,-10,-25,15,-17,4,4,-18,-10,29,-13,15,-7,-18,13,26,2,16,-19,-4,37,7,19,11,-12,10,30,-21,21,-7,-3,15,5,-33,9,-17,13,12,-24,-26,-10,-20,16,-2,-29,-12,-13,-13,7,-6,0
5,24,9,2,-13,-9,30,10,3,-7,-16,13,24,-20,-5,-12,1,21,1,-30,-16,-2,16,13,-22,-17,-9,17,17,-9,-25,10,-2,17,5,-21,-13,24,17,10,-14,-18,9,24,16,-6,-20,-6,18,6,6,-17,-8,13,22,-7,-12,-15,1,19,12,-17,-20,-2,11,8,-2,-21,-13,15,12,1,-14,-11,-5,18,9,-10,-20,1,15,14,-3,-14,-17,8,15,9,-7,-12,-10,18,23,-5,-14,-4,5,22,6,-18,-11,2,20,15,-8,-22,-10,12,22,-2,-24,-11,2,13,17,-20,-24,8,14,9,-6,-32,-6,24,18,-3,-25,-17,13,24,7,-16,-32,3,29,7,-4,-18,-21,32,26,-22,-19,-10,12,39,1,-28,-21,4,41,14,-28,-15,-6,24,40,-29,-26,12,12,23,-1,-41,-5,28,20,-2,-32,-22,16,19,10,-16,-37,-3,22,9,2,-18,0
10,-28,20,-7,-8,-8,-24,-27,6,-23,-13,2,-36,4,-17,-18,-5,15,-19,29,-28,4,11,13,16,34,-10,28,18,1,28,15,11,23,11,-19,27,-9,24,9,-4,-22,12,-21,21,-12,-21,-10,-6,-25,5,-22,-21,10,-22,-17,-10,-22,-7,19,-21,3,-21,-6,6,21,-17,9,-13,6,21,7,-6,20,-9,15,18,-7,9,18,4,16,7,-13,15,18,8,16,2,-19,19,7,14,7,-8,-18,22,-7,17,-3,-19,-7,10,-21,10,-15,-18,6,-3,-25,-1,-18,-12,18,-16,-21,-11,-13,5,24,-32,-4,-19,-4,18,12,-29,20,-18,7,21,-5,-6,39,-9,24,13,-20,24,30,15,22,-2,-28,43,10,24,8,-23,-14,31,-30,22,-18,-26,5,-5,-44,-2,-29,-13,25,-41,-26,-24,-18,12,21,-43,16,-26,5,22,0,-27,32,-19,16,15,-7,0
